text,source
"Immunotherapy is considered the most promising approach to combat cancer, especially in treating chronic lymphocytic leukemia (CLL), a slow-growing cancer of B-lymphocytes that ultimately leads to immune system failure. Mathematical modeling is recognized as a powerful tool in cancer research to examine both theoretical and practical aspects. Its absence in the study of chemoimmunotherapy for CLL inspires us to develop a simple ordinary differential equation model, drawing inspiration from the work of de Pillis & Radunskaya.",ai
"This paper introduces a novel stochastic method to identify optimal combination therapies for colon cancer's immune response. Colon cancer's dynamics are modeled using an Itô stochastic process, with its probability density function evolving according to the Fokker-Planck equation. An open-loop control optimization problem is posed to find the best combination therapies. Simulation results, using combination therapies involving the chemotherapy drug Doxorubicin and the immunotherapy drug IL-2, support the proposed framework.",ai
"Adoptive Cell Transfer therapy for cancer is actively being developed, with mathematical modeling being crucial in this field. We investigate a stochastic model created by Baar et al. in 2015 for modeling immunotherapy against melanoma skin cancer. Initially, we determine the parameters of the deterministic limit of the model using biological data on tumor growth in mice. A Nonlinear Mixed Effects Model is estimated using the Stochastic Approximation Expectation Maximization algorithm. With these estimated parameters, we return to the stochastic model and compute the likelihood of all T cells becoming exhausted during the treatment. Our findings indicate that",ai
"The challenge in designing confirmatory trials is managing uncertainties about the optimal target population for new drugs. Adaptive enrichment designs (AEDs) have been suggested to address this, allowing for data-driven selection of one or more pre-specified biomarker subpopulations during an interim analysis. However, practical case studies of AEDs are still relatively uncommon. We present the design of an AED with a binary endpoint in the dynamic setting of cancer immunotherapy for early triple-negative breast cancer. The trial was initially planned as a conventional trial but was later amended to an AED based on emerging data from outside the trial indicating",ai
"We present a pioneering data-driven framework for designing targeted gene panels to estimate exome-wide biomarkers in cancer immunotherapy. Our primary objective is to develop a generative model that captures the profile of mutations across the exome, accounting for gene- and variant type-specific mutation rates. Building upon this model, we propose a novel method to estimate biomarkers like tumour mutation burden and tumour indel burden. Our approach offers practitioners the flexibility to: Choose a targeted gene panel of a specific size and construct an estimator based solely on the selected genes. Apply our method to make predictions using an existing",ai
"Immunotherapy aims to strengthen the immune system's ability to destroy cancer cells. It works better and typically has a more favorable prognosis when more immune cells infiltrate the tumor. We investigate whether the spatial arrangement, not just the number, of immune cells in the tumor is crucial for predicting cancer recurrence. Examining past research on this topic, we present a new method using maximum entropy to measure the spatial distribution of discrete, point-like objects. We apply this method to B and T cells in images of tumor tissue from triple-negative breast cancer (TNBC) patients. Our findings show a clear difference in the",ai
"Purpose: Magnetic Resonance Imaging (MRI) of cells can track immune cells involved in immunotherapy response, revealing mechanism of action, tumor growth progression, and therapy potency.Method: CD8+ cytotoxic T cells (CTLs), CD4+CD25+FoxP3+ regulatory T cells (Tregs), and myeloid derived suppressor cells (MDSCs) were labeled with superparamagnetic iron oxide (SPIO) particles and injected into mice with HPV-based cervical cancer. Half of these mice were also vaccinated with DepoVax™, a lipid-based vaccine platform.Result",ai
"Immunotherapy could revolutionize cancer treatment. It uses the patient's immune system to combat tumor cells. CAR-T cell therapy, a prominent immunotherapy, works by removing a patient's T-cells, equipping them with an artificial receptor to recognize and target tumor cells, and then re-infusing these enhanced cells back into the patient. This method has proven effective in treating certain blood cancers like B-cell leukemias and lymphomas, but its broader use is still being explored.",ai
"Recent advancements in imaging and sequencing technologies have significantly advanced clinical lung cancer research. However, human capacity to manage and fully utilize the vast amounts of data generated is limited. Machine learning methods are crucial for integrating and analyzing these large, complex datasets, providing comprehensive characterizations of lung cancer from different data perspectives. This article surveys machine learning approaches that enhance various aspects of lung cancer diagnosis and treatment, including early detection, auxiliary diagnosis, prognosis prediction, and immunotherapy. It also discusses challenges and future prospects for machine learning applications in lung cancer.",ai
"We develop and study a mathematical model that represents the immune system's response to an avascular tumor under the influence of immunotherapy, chemotherapy, and their combinations, along with vaccine treatments. The impact of vaccine therapy is considered as a parametric change in the model. In cases of a weak immune response, neither immunotherapy nor chemotherapy leads to tumor regression below clinically detectable levels. Numerical simulations indicate that the effectiveness of vaccine therapy depends on both the tumor size and the overall health of the immune system, as well as the individual's reaction to vaccination.",ai
"Recent trials studying immunotherapy's impact on survival often expect non-proportional hazards, suggesting the need for specialized statistical methods to assess long-term benefits, rather than relying on standard log-rank tests or Cox models. While many such methods have been proposed, practical implementation guidance, especially for group-sequential designs, is lacking. This article addresses this gap. We'll discuss how the POPLAR trial, comparing immunotherapy and chemotherapy in non-small-cell lung cancer, could have been redesigned to better handle delayed effects. Then, we'll provide a step-by-step approach.",ai
"In inhomogeneous conditions, the interaction between cancer cells and immune system cells is modeled at the cellular level using thermostatted kinetic theory. Cells learn and adapt by increasing their activity during favorable interactions. The fluctuations in cell activity are regulated by a thermostat, and the direction of cell movement follows stochastic rules similar to those in dense fluids. A kinetic Monte Carlo algorithm, inspired by the direct simulation Monte Carlo (DSMC) method initially used for dilute gases, is developed to simulate this process. The evolution of an initially localized tumor is analyzed, revealing qualitatively different behaviors as the field regulating activity fluctuations decreases. When",ai
"Research on a Novel Dynamical System for Tumor-Host Interaction We explore a new dynamical system to model the interaction between a tumor and its host. The untreated tumor growth equation is grounded in non-extensive statistical mechanics and has demonstrated successful fits for exponential, Gompertz, logistic, and power-law tumor growth patterns. Our model incorporates as many cancer hallmarks as possible. We also examine the dynamic response of cancer under various therapies. By adjusting parameters and initial conditions in our model, we can predict different outcomes and identify key factors influencing tumor growth. Our findings reveal synergistic therapeutic effects of different treatments",ai
"Cell-based models offer a useful method for simulating complex systems with adaptive, resilient properties like cancer. By focusing on interactions between individual cells, they are well-suited for studying cancer therapies that target single-cell dynamics. Here, we suggest these models can also be used to examine the time evolution of cancer imaging biomarkers. We present a cellular automata model for tumor growth and three therapies - chemotherapy, radiotherapy, and immunotherapy, based on established modeling practices. The model produces a sequence of tumor images.",ai
"Employing both self-non-self and danger theories enhances our comprehension of immune system functionality. Analogy: Like a police force responding to danger signals and suspicious activities, the immune system reacts to both threats and foreign elements. For low zone tolerance, immunotherapy should be combined with other cancer treatments, such as chemotherapy and/or radiotherapy, to effectively eliminate tumors. Fractional order differential equations are more appropriate than conventional integer order differential equations. An example of two immune effectors targeting an antigen using fractional order dynamics is provided.",ai
"This paper introduces a general framework for probabilistically certifying cancer therapies. It defines certification based on two key aspects: tumor reduction and a lower bound on circulating lymphocytes, considered as an indicator of patient health. Certification is seen as ensuring, with a predefined high probability, the success of the therapy over a certain time period, despite uncertainties in the dynamic model used to optimize drug injection schedules. This certification approach can serve to adjust treatment parameters and protocols, and to make rational use of limited or expensive drugs.",ai
"Personalized cancer vaccines are envisioned as the next generation of rational cancer immunotherapy. The key step in developing personalized therapeutic cancer vaccines is identifying tumor-specific neoantigens present on the surface of tumor cells. A promising method for this is de novo peptide sequencing from mass spectrometry data. In this paper, we introduce DeepNovoV2, the current best model for peptide sequencing. DeepNovoV2 represents a spectrum as a set of (m/z, intensity) pairs, avoiding the accuracy-speed/memory trade-off issue. The model combines an order-invariant network structure (T-Net) and recurrent",ai
"""We examined how features in the tumor microenvironment (TME) relate to overall and 5-year survival in patients with triple-negative breast cancer (TNBC) and non-TNBC (NTNBC) using Explainable Artificial Intelligence (XAI) models. We analyzed clinical data from patients with invasive breast carcinoma from The Cancer Genome Atlas and two cbioPortal studies: PanCanAtlas and GDAC Firehose. Our study used normalized RNA sequencing data from 1,015 breast cancer patients, alive or deceased, from the UCSC Xena dataset. We employed the EPIC method for integrated de",ai
"Spatial interactions between cancer and immune cells, along with recognition of tumor antigens by immune system cells, are crucial in the immune response to solid tumors. Current mathematical models often focus on just one of these key aspects. We introduce a spatial, stochastic, individual-based model that explicitly simulates antigen expression and recognition. In our model, each cancer cell has an antigen profile that can change over time due to epimutations or mutations. The immune response begins when dendritic cells recognize tumor antigens and present them to cytotoxic T cells, leading to T cell activation against tumor cells expressing these antigens.",ai
"Immunotherapies harness the patient's immune system to selectively target cancer cells. A notable success is the use of CAR T cells to treat B-cell malignancies like leukemias and lymphomas, leading to long-lasting complete responses in many patients. This therapy involves removing the patient's T cells, engineering them with a chimeric antigen receptor (CAR) to recognize and target cancer cells expressing the CD19 antigen, which is present in these hematological tumors. Here, we propose a mathematical model to describe the time-dependent response of leukemias to CAR T-cell injection. The model considers mature and progenitor",ai
"Predicting clinical outcomes is crucial but difficult. Many studies have searched for significant biomarkers linked to therapy response or patient survival. However, these biomarkers can be expensive, invasive, and may not be suitable for new therapies. Meanwhile, diverse, unaligned temporal data is constantly generated in clinics. This work aims to use a unified deep learning method to predict patient prognosis and therapy response using easily accessible data like radiology images, lab results, and clinical notes. Previous work focused on single data types or ignored temporal changes. Notably, clinical time series data is often recorded at irregular intervals. Here, we formulate prognosis modeling",ai
"The remarkable results seen in clinical trials of immunotherapy for patients with previously incurable melanoma, a highly aggressive type of skin cancer, necessitate a deeper understanding of the cancer-immune system interaction. Computational pathology offers a unique chance to analyze this interface on digitized pathological slides. Accurate cell classification is crucial for reliable results, but can be difficult even with current machine learning and deep learning techniques. We propose a tiered framework that mimics how pathologists view tumor architecture and define tumor heterogeneity to enhance cell classification methods that rely solely on cell nucleus shape. The SLIC superpixel algorithm was employed to segment and",ai
"The tumor microenvironment (TME) significantly impacts cancer prognosis due to its immune composition. While therapies aiming to alter the immune composition, including immunotherapies, have shown promising results for treating blood cancers, they are less effective for immunologically 'cold' solid tumors. Spatial omics technologies capture the spatial organization of the TME with unprecedented molecular detail, revealing the relationship between immune cell localization and molecular signals. We propose to formulate T-cell infiltration prediction as a self-supervised machine learning problem and develop a counterfactual optimization strategy that uses large-scale spatial omics profiles of patient tumors to design tumor",ai
"In this study, we present and explore a range of models that includes certain established mathematical tumor-immune system interaction models. These models assume that the influx of immune cells depends on the number of cancer cells. We analyze constant, periodic, and impulsive therapies, as well as the unperturbed system, both theoretically for the general family of models and through numerical simulations using the Kuznetsov et al. model (V. A. Kuznetsov, I. A. Makalkin, M. A. Taylor, & A. S. Perelson, 1994). The simulations",ai
"""Immune checkpoint therapy is a promising immunotherapeutic approach that could provide long-lasting responses for various cancer types. While significant progress has been made, there are still crucial unanswered questions about quantifying and predicting treatment effectiveness and the best ways to combine different immune checkpoint blockades. To address this, we've developed clinically relevant, dynamic systems models focusing on PD-1/PD-L1 checkpoint blockades. Our model allows for the development of adaptive immune resistance without treatment, but immune checkpoint blockades can reverse this resistance and enhance the anti-tumor activity of immune cells. Our numerical analysis suggests that anti-PD",ai
"""Although combining multiple therapies for cancer treatment is becoming more common, predicting the precise interactions and synergistic or opposing effects of different treatments on a patient's health and treatment outcome is challenging. In this study, a system of ordinary differential equations is developed to represent the nonlinear dynamics between tumor cells, immune cells, and three types of therapies: chemotherapy, immunotherapy, and radiotherapy. This model is then employed to create optimized combination therapy strategies using optimal control theory. Computer simulations, or in-silico experiments, are",ai
"Molecular and genomic properties are crucial in choosing cancer treatments tailored to individual tumors, especially for immunotherapies. Current methods to assess these properties are costly, time-consuming, and not always routinely done. Machine learning applied to Hematoxylin and Eosin (H&E) stained images offers a more affordable screening approach. Numerous studies in recent years have shown that various molecular biomarkers can be predicted from H&E images alone using deep learning: molecular alterations, genomic subtypes, protein biomarkers, and even viral presence. This review explores the diverse applications across different cancer types and the methods to train and validate these models on whole slide",ai
"Recent advancements in cancer immunotherapy have led to the development of tumor-immune system models to provide a mechanistic understanding and suggest more effective treatment regimens. However, the complexity of these models, their multi-scale dynamics, and overparameterization make them inaccessible for widespread use. This study examines the dynamics of a foundational model that describes the interactions between tumor cells, natural killer cells, CD8+ T cells, and circulating lymphocytes. It is demonstrated that the long-term evolution of the system towards high-tumor or tumor-free equilibria is determined by the dynamics of an initial explosive stage of tumor progression. By focusing on",ai
"We present a system of ordinary differential equations (ODEs) that accurately mimics delayed responses seen in immune checkpoint blockade therapy, such as anti-CTLA-4 Ipilimumab. This immunotherapy approach has been a leading and promising cancer treatment in recent years, earning the 2018 Nobel Prize in Physiology or Medicine. Our model represents the competition between effector T cells and non-effector T cells within a tumor. By tuning a small set of parameters that govern immune checkpoint expression and considering the patient's immune system and cancer status,",ai
"Tumor mutational burden (TMB), a potential genomic biomarker for immunotherapy, faces challenges in low-resource settings due to whole exome sequencing's lack of clinical penetration. This study introduces a multi-scale deep learning framework to detect TMB status from routine whole slide images, creating a multiple cancer TMB prediction model (MC-TMB). In cross-validation, MC-TMB achieved an average area under the curve (AUC) of 0.818 (0.804-0.831), outperforming single-scale models. Ablation tests confirmed MC-TMB's superiority",ai
"""A comprehensive parametric study of the dynamic behaviors of a theoretical model for anti-tumor virus therapy is detailed. The role and constraints of mass-action kinetics are explored. A functional response, dependent on the ratio of uninfected to infected tumor cells, is introduced to describe virus infection spread within the tumor. Notably, ratio-dependent models possess a complex equilibrium at the origin, whose characteristics significantly influence the model's properties. It's demonstrated that, within a specific parameter range, the model's trajectories form a family of homoclinics to the origin (known as an 'elliptic sector'). This biologically signifies that both infected",ai
"Biological entities' movement significantly impacts their fate by influencing interactions among individuals of the same species (intraspecific) and with other species (interspecific), as well as with their surroundings. Despite numerous population dynamics models, the influence of movement behavior and environmental heterogeneity on these dynamics remains unclear. We expanded the Kolmogorov equation to account for movement behavior and applied it to a biased random walk on a percolation lattice. We then investigated how these factors affect population dynamics, focusing on intratumor heterogeneity, metastasis, and immune surveillance. In tumors, our findings show that communication between cell colonies and the",ai
"Iron oxide nanoparticles hold significant scientific and technological promise, spanning energy applications to biomedicine. While single-crystalline, defect-free nanoparticles have been sought to enhance performance, recent studies show that defect-rich nanoparticles outperform their defect-free counterparts in magnetic hyperthermia and magnetic particle imaging. This overview explores the current state of designing and characterizing defects and resulting spin disorder in magnetic nanoparticles, with a focus on iron oxide nanoparticles. It highlights the beneficial impact of defects and disorder on the intracellular magnetic hyperthermia performance of magnetic nanoparticles for drug delivery and cancer therapy, positioning defect-engineering in iron oxide nanoparticles as an alternative",ai
"The main hurdle in cancer immunotherapy biomarker research is measuring pattern shifts in microscopic whole slide images of tumor biopsies. Different cell types often move to various tissue areas, creating diverse distribution patterns. For drug development, it's crucial to compare different biomarkers within and between these tissue compartments. Currently, expert pathologists manually annotate tissue slides, a labor-intensive, error-prone, and time-consuming process. Automating this process could enhance accuracy and consistency, reduce workload and costs, thereby boosting drug development. Here, we introduce a new one-shot color deconvolution deep learning method to automatically segment and annotate digit",ai
"Chimeric Antigen Receptor (CAR) T-cell therapy has demonstrated promise in treating blood cancers, and its use in solid tumors, like gliomas, is being actively explored. Potential CAR T-cell targets for gliomas include IL13Ra2, EGFRvIII, HER2, EphA2, GD2, B7-H3, and chlorotoxin. This study aims to develop a mathematical model of IL13Ra2-targeting CAR T-cells for glioma treatment, building upon the",ai
"Cold atmospheric plasma (CAP), a near room temperature ionized gas created under non-equilibrium discharge conditions, was shown to trigger an inflammatory phenotype in rat peritoneal exudate macrophages and T-cells when exposed briefly in vitro. This led to improved antigen-presenting and effector cell function respectively. Unlike previous studies that primarily used immortalized cell lines, both macrophage and T-cells in this study were primary cells isolated from mice. Additionally, when T-cells were exposed to CAP ex-vivo and then transferred into tumor-bearing mice, a strong anti-tumor effect was observed in vivo. The mechanism behind this seems to involve CAP",ai
"Synthetic biology, a developing field, focuses on designing and engineering organisms for applications like food security, health, and environmental protection. This presents numerous ethical, legal, and social implications (ELSI) for researchers and policymakers. Efforts to ensure responsible synthetic biology are ongoing, including policy-making and integrating social scientists and ethicists into projects. However, due to synthetic biology's early stage, its wide-ranging domains, and the open nature of many ethical questions, addressing these challenges is",ai
"Synthetic biology aims to create and study circuits in cells, aiding in understanding and controlling cellular states. It facilitates discovery of new parts, strategies, and interactions for designing robust synthetic systems. No prior work exists on constructing synthetic circuits in protozoan parasites. This paper details the creation of a genetic circuit targeting the enzyme inositol phosphorylceramide synthase in the protozoan parasite Leishmania. The circuit's dynamic nature was investigated through simulations and validated using qualitative and quantitative methods. The resulting circuit exhibited responsiveness, oscillatory, and bistable behaviors.",ai
"Synthetic biology is a key area where major nations compete for scientific dominance. This field encompasses a vast realm waiting to be explored through interdisciplinary research collaborations. The aim of this study is to uncover the current status of this emerging field, specifically identifying its key players, locations, and timeline. A keyword search string was created and applied to the Web of Science and Derwent Innovations Index databases. Notably, we calculated year-based h-type indices for frequently occurring keywords.",ai
"Quantum Biology, a burgeoning field, bridges fundamental physics and biology, offering fresh perspectives on biological order's essence and origins. We explore QBCL, a research initiative aimed at applying quantum principles to biological structures beyond molecules. Key terms include: decoherence, macroscopic superpositions, basis-dependence, formal superposition, non-classical correlations, Basis-Dependent Selection (BDS), synthetic biology, and the evolvability mechanism loophole.",ai
"Synthetic biology aims to create intricate synthetic cellular circuits that can perform complex calculations and process information in response to specific inputs. Recent advancements in understanding and manipulating cellular information networks raise key physics questions: How do molecular circuit components use energy to enhance information processing? Can thermodynamic principles improve synthetic cellular circuit design? This summary outlines recent theoretical work addressing these questions. Energy consumption in cellular circuits serves five primary purposes: (1) enhancing specificity, (2) controlling dynamics, (3)",ai
"Bacteria have inspired the development of evolutionary algorithms. In the early 20th century, synthetic biology emerged, aiming to create unnatural biological systems like programmable synthetic bacteria. This paper introduces a novel approach: an evolutionary algorithm conducted entirely by synthetic bacteria. We developed a genetic algorithm, BAGA, and demonstrated its effectiveness in solving simple optimization problems like function optimization, the 0/1 knapsack problem, and the Hamiltonian path problem. Our results suggest that evolutionary algorithms could be designed using principles, mechanisms, and genetic circuits from synthetic biology.",ai
"Synthetic biology is the engineering of cellular networks, merging principles of engineering with knowledge of biological networks to control cell behavior. Successful construction of biological devices like switches, oscillators, and gates has been achieved using computational modeling and molecular biology techniques. The goal of synthetic biology is to create intricate systems from these fundamental devices, akin to building electronic circuits from basic parts. As this goal is realized, engineering concepts such as interchangeable parts and encapsulation will be integrated into biology. To support these concepts, we've developed the software Athena.",ai
"Biology has significantly transformed in the past two decades, shifting from a descriptive science to a design science. Synthetic biology enables us to engineer cells to produce novel, valuable molecules like renewable biofuels or anticancer drugs. However, conventional synthetic biology methods often rely on ad-hoc engineering practices, resulting in lengthy development times. We introduce the Automated Recommendation Tool (ART), which employs machine learning and probabilistic modeling techniques to guide synthetic biology in a systematic way, without requiring a comprehensive mechanistic understanding of the",ai
"Synthetic Biology is a new, engineering-driven method in biology that involves designing intricate biological devices. The fundamental principles of Synthetic Biology are still uncertain. One suggested method is to base Synthetic Biology on traditional engineering principles such as standardization, modularity/decoupling, and abstraction/modeling to simplify component-based design. In this piece, we propose and discuss an alternative approach, High-throughput Biologically Optimized Search Engineering (HT-BOSE). Originating from directed evolution, HT-BOSE focuses on a rational optimization of the search process in the space of possible device designs, using biological knowledge",ai
"Over the past decade, synthetic biologists have significantly advanced methods for modularly assembling genetic sequences and engineering biological systems with diverse functions across various organisms. However, current approaches intertwine sequence and functionality, making abstraction challenging, limiting engineering flexibility, and hindering predictability and design reuse. Functional Synthetic Biology aims to address these hurdles by shifting the focus of biological system design towards function, rather than sequence. This shift will separate the engineering of biological devices from their specific applications, necessitating both conceptual and organizational changes, as well as supportive software tools. Achieving this vision of Functional Synthetic Biology would",ai
"Modeling and analyzing networks in biological and other complex systems requires moving beyond the limited use of just a few network metrics like degree, betweenness, or assortativity. It's crucial to identify which metrics are informative and which are redundant, using recently developed techniques. A comprehensive comparison of networks and growth models can only be achieved effectively with these methods.",ai
"""Commonly, it's said that biology lacks laws, with all processes seemingly contingent and subject to historical chance. Basic biological entities like organisms, cells, genes, catalysts, and motors are usually introduced descriptively, with deductive reasoning approaches being scarce. Thus, both the logical content and principles of biology warrant re-evaluation. This paper explores the fundamental basis of biology, constructing it with elements, logic, and principles, utilizing language and methods from other fields. This approach presumes a unified nature of human knowledge.""",ai
"To work consistently, artificial molecular circuits need systems that enable them to adjust to environmental changes. Least mean squares (LMS) methods, widely used in signal processing and control, offer a potent way to achieve this. Here, we illustrate how the conventional LMS algorithm can be realized at the molecular level using just a few basic biomolecular reactions. We validate our method through various simulation studies and discuss its significance for synthetic biology.",ai
"The primary aim of nanobionics and bottom-up synthetic biology is to create artificial cell organelles using a minimal set of components, enabling the construction of cell-like structures that function like biological systems. This paper outlines flexible strategies to develop artificial reaction centers for new photoautotrophic processes, and to create fully biocompatible synthetic enzymes for step-wise substrate photo-conversion in abiotic organelles. This innovative approach holds promise for creating artificial cell-like systems that can be easily controlled by light, serving both as an",ai
"The RNA Inverse Folding problem, a challenge from computational biology, aims to identify a molecule that adopts a specified three-dimensional structure. This task is crucial in fields like bioengineering, pharmaceutical research, biochemistry, synthetic biology, and RNA nanostructure design. The Nested Monte Carlo Search method has shown promising results for this problem. We suggest adapting and assessing various Monte Carlo Search algorithms to tackle the RNA Inverse Folding problem.",ai
"""Using Artificial Intelligence (AI) in synthetic biology will establish a high-throughput automated system for genetic design. This involves a learning machine that repeatedly optimizes the system through a 'design-build-test-learn' (DBTL) cycle. However, standard machine learning methods, like deep learning, struggle to represent relational knowledge and need vast amounts of labeled training data. These limitations hinder AI's role in synthetic biology, where experiments are naturally time-consuming and resource-intensive. In this study, we suggest an automated",ai
"""I would like to clarify my stance on Quantum Biology, as it has been misinterpreted as 'reducing cellular behavior to the actions of quantum particles within cells'. I distinguish my views from those of McFadden and Al-Khalili, as well as Asano et al. Additionally, I propose an idea outlined in our recent paper (Bordonaro, Ogryzko, 'Quantum Biology at the Cellular Level - Elements of the Research Program', BioSystems, 20",ai
"""Despite reproducibility being a fundamental principle of science, many results, including those in computational fields like systems biology with significant standardization efforts, remain difficult to reproduce. Notably, Tiwari et al. found that they could only replicate 50% of published simulation results in this domain. To enhance the reproducibility of computational systems research, we've identified several resources that researchers can use to make their work more accessible, executable, and understandable to others. These include domain standards and curation services, as well as effective methods from the software engineering industry that many researchers could adopt. We believe these approaches could significantly improve",ai
"The origins of life remain enigmatic, with few enduring clues due to the obscuring effects of evolutionary change. Previous reviews have examined the complementary methods of top-down and bottom-up synthetic biology in enhancing our comprehension of living systems. This study emphasizes the synergies between these fields, particularly between bottom-up synthetic biology and origin of life research. We investigate recent advances in creating artificial cell compartments, mirroring the crowded cellular environment, and its metabolism, as well as cycles of growth and division, and how these efforts are beginning to converge. Despite complexity being a hallmark of current life, none of life's fundamental features",ai
"""The bottom-up creation of synthetic cells is a fascinating and promising field in synthetic biology. These cells are constructed by enclosing biomolecules within lipid vesicles, or liposomes, enabling the production of one or more functional proteins inside. Due to these internally synthesized proteins, synthetic cells can carry out various biomolecular tasks, making them useful for a wide range of applications. This opens up numerous possibilities for advanced uses in basic science and biotechnology.""",ai
"Synthetic biology combines principles and methods from engineering and biology. It requires computer-aided design (CAD) to connect computational modeling with biological data. A tool called TinkerCell has been developed as a CAD platform for synthetic biology. TinkerCell is a visual modeling tool that organizes biological parts hierarchically. Each part has attributes like sequence or rate constants. Models built with these parts can be analyzed using various C and Python programs, accessible through TinkerCell's extensive C and Python API.",ai
"Self-driving labs, which integrate fully automated experiments with artificial intelligence for decision-making, could revolutionize scientific research, with machines exploring, interpreting, and explaining the world for human benefit. Existing SDLs operate in chemistry and materials science, but synthetic biology offers a distinct opportunity due to the genome's role in influencing a vast array of biological cell behaviors. To justify the substantial investment needed for biological SDLs, they should target complex and transformative biological questions. This text discusses the challenges involved.",ai
"Life science is entering a new era with petabyte-level sequencing data. Analyzing such large datasets to gain biological insights is a significant computational challenge. To address this, we developed DeepMetabolism, a biology-driven deep learning system that predicts cell phenotypes from transcriptomics data. By combining unsupervised pre-training with supervised training, DeepMetabolism achieves high prediction accuracy (Pearson correlation coefficient >0.92), speed (<30 minutes for >100 GB data using a single GPU), and robustness (",ai
"Challenge in Synthetic Biology: Designing increasingly complex circuits, while natural biological circuits are intricate and balance trade-offs. Current synthetic circuits are simpler and focus on single design goals. Our Contribution: We present a multi-objective approach for designing biocircuits, establishing a foundation for an advanced optimization tool. This tool enables modular and systematic design of complex biocircuits that consider multiple design criteria. Our method merges the efficiency of global Mixed Integer Nonlinear Programming solvers with multi-objective optimization techniques. We demonstrate its capabilities through various examples.",ai
"High-throughput data acquisition in synthetic biology results in a vast amount of data that requires processing and aggregation into useful biological models. Constructing dynamic models based on this data is crucial for understanding and optimizing synthetic biology designs. However, manually building models for each dataset is impractical and may become unfeasible for complex systems. In this study, we introduce advanced system identification techniques combined with chemical reaction network theory (CRNT) to automatically generate dynamic models. On the system identification side, Sparse Bayesian Learning provides methods to identify",ai
"Hydrated interfaces are common in biology and exist at various scales, from ions and individual molecules to membranes and cellular networks. In living organisms, these interfaces exhibit a high degree of self-organization and complex entanglement, making them difficult to study experimentally due to the blurring of individual properties. However, the Langmuir technique enables the examination of well-defined interfaces, with controllable thermodynamic states that allow exploration of proper state diagrams. In this study, we show that voltage and pressure pulses can simultaneously propagate along monolayers composed of either native pork brain or synthetic lipids. These pulses are excited by applying small",ai
"Computer-aided design in synthetic biology aims to speed up the rational and reliable engineering of biological systems. It needs detailed, quantitative mathematical and experimental models of processes for redesign, along with software and tools for genetic engineering and DNA assembly. This increased precision in design could significantly impact the creation of custom cells and organisms with specific functions and enhanced modularity. Computer-aided design methods require quantitative cellular representations that can capture multiscale processes and connect genotypes to phenotypes. Here, we discuss how whole-cell, multiscale models could revolutionize the",ai
"Proteins, nucleic acids, and specific synthetic polymers can fold into distinctive shapes in appropriate conditions. This study demonstrates that it's feasible to create lattice models of these foldable heteropolymers by defining energy solely based on individual monomer properties like solvent exposure and steric hindrance.",ai
"Generative Adversarial Networks (GANs) offer a promising method to create realistic data, like genes, proteins, or drugs, in synthetic biology. In this work, we use GANs to generate synthetic DNA sequences that encode proteins of varying lengths. We introduce a novel feedback-loop architecture, Feedback GAN (FBGAN), which optimizes synthetic gene sequences for desired properties using an external function analyzer. Notably, the analyzer in FBGAN does not require differentiability. We demonstrate the feedback-loop mechanism with two examples: generating synthetic genes encoding antimicrobial peptides and optimizing synthetic genes for the secondary structure",ai
"We tested a simplified, local version of the helix model on two synthetic and two natural proteins to assess its effectiveness in predicting the native secondary structure. The results were very good for the synthetic sequences but less so for the natural ones. This implies that non-local terms are crucial in determining the secondary structure, although in some instances, local terms alone might be adequate.",ai
"Topological entanglements are common and often harmful in biological and materials science polymeric systems. In this study, we theoretically examine the topological simplification of knots through the diffusion of slip-links (SLs), which can represent biological or synthetic molecules like proteins on the genome or cyclodextrins in slide-ring gels. We discover that SLs entropically compete with knots and can localize them, significantly aiding their subsequent simplification via transient strand-crossing. Moreover, we find that the efficiency of knot",ai
"This work presents a new method for analyzing images to assess the uniformity of objects within clusters, using the propagation of normal wavefronts. The issue of width uniformity is explored, and its significance for characterizing composite structures common in physics and biology is emphasized. The method involves identifying each cluster of interest, which can represent objects or voids, and then estimating the respective medial axes using a recently introduced wavefront propagation approach. The distance values along these axes are measured, and their mean and standard deviation values are calculated. This method is demonstrated using both synthetic and real objects",ai
"Systems biology investigates the structure and behavior of intricate gene regulatory networks, aiming to quantitatively understand the modular components that make up these networks. A common type of auto-regulatory genetic module, the self-regulating gene, is found in over 40% of known transcription factors in E. coli. In this study, we employ the Poisson Representation technique to derive exact steady state solutions for this feedback model. Synthetic biology methods (P.E.M. Purnick and Weiss, R., Nature Reviews, Molecular Cell Biology",ai
"MicroRNAs (miRNAs) are small, non-coding RNAs that regulate gene expression after transcription. They play crucial roles in various biological processes and are linked to human diseases, including cancer. In particular, miRNAs' involvement in breast cancer metastasis has been established. A recent study (ref. \cite{key1}) suggests that miR-429 may inhibit breast cancer metastasis by targeting CRKL. Using systems biology tools, we demonstrate that CRKL positively regulates the ERK1/2 signaling pathway and influences LYN regulation through a topological",ai
"In this work, we explore the intersection of information theory and network biology, surveying and presenting key concepts and tools. We demonstrate that Shannon's information entropy, compressibility, and algorithmic complexity capture distinct local and global aspects of both synthetic and biological data. We illustrate this with examples like the formation of giant components in Erdős-Renyi random graphs, and the retrieval of topological features from numerical kinetic properties using gene expression data. We offer exact theoretical computations, numerical approximations, and error estimates for entropy, algorithmic probability, and Kolmogorov complexity for diverse graph types, characterizing their varying and invariant",ai
"We present a molecular-focused modeling approach using a collection of Petri net models, organized into modular components within a prototype database accessible via a web interface. We chose the JAK/STAT signaling pathway, known for its complex cross-talk, as a case study. Each Petri net module represents the reactions of a single protein with its specific interaction partners. These modules can be individually displayed, executed, and automatically composed into comprehensive models containing any number of molecular species selected by the user. Each module includes metadata for documentation and can be expanded into a wiki-like minireview. The database manages multiple versions of each module,",ai
"Protocells, a type of synthetic cells, could greatly benefit synthetic biology and bioengineering if engineered to mimic natural cells. Proteinoids, discovered by Sidney H. Fox in the 1950s, are prominent protocell candidates. These protein-like molecules, composed of amino acids, can exhibit electrical excitability on their surface, oscillating between acidic and basic ions, similar to a neuron's spiking potential. However, finding the optimal preparation protocol for proteinoids can be challenging due to the wide distribution of related literature across various scientific subfields.",ai
"Understanding evolution's historical role involves giving ancient life a rerun. Current experiments limit this. By combining ancestral sequence reconstruction with synthetic biology, we can revive past life in modern settings, enhancing our understanding of historical protein roles. Meanwhile, experimental evolution lets us study live evolution under lab control. We present a new setup merging these two fields, enabling us to rewind and replay evolutionary history.",ai
"Rod-like bacteria maintain their cylindrical shapes with remarkable consistency during growth, yet they can adapt their shapes to external forces and constraints, such as growing into narrow or curved spaces. While the cylindrical shape is one of the simplest morphologies, our understanding of how shape is robustly regulated and how bacteria achieve near-perfect cylindrical shapes with high precision is still incomplete. Recent research suggests that cell-wall geometry and mechanical stress play significant roles in regulating cell shape in rod-like bacteria. This review explores our current understanding of cell wall architecture and growth dynamics, and discusses possible regulatory cues for shape regulation, both in the absence",ai
"Synthetic biology aims to design modular genetic circuits that can be assembled based on desired functions. When placed inside a cell, a circuit module forms a small subnetwork within a larger environmental network, making its dynamics influenced by potential unknown interactions with the environment. It's known that the environment's presence not only induces extrinsic noise but also memory effects, meaning the subnetwork's dynamics are influenced by its past states through a memory function unique to the environment. We explore several general scenarios for the coupling between a small module and a larger environment, with the environment composed of a chain of monomolecular reactions. We map",ai
"Biochemical reactions involving three or more reactants, known as higher-molecular reactions, significantly contribute to theoretical systems and synthetic biology. These reactions facilitate various crucial bio-dynamical phenomena like multi-stability, oscillations, bifurcations, and noise-induced effects. However, experiments can only practically handle reactions with a maximum of two reactants, termed bi-molecular reactions. To address this disparity, this paper introduces an algorithm to systematically approximate arbitrary higher-molecular reactions with bi-molecular ones, retaining their inherent stochastic dynamics. The algorithm's properties and convergence are validated using singular perturbation",ai
"The primary aim of synthetic biology is to engineer molecular controllers capable of regulating intracellular network dynamics reliably and precisely. Given the scarcity of detailed information about these networks, integral-feedback controllers (IFCs) have been proposed to manage molecular concentrations. These controllers maintain accuracy despite network uncertainties, but this is only possible if they also ensure stability. This paper demonstrates that molecular IFCs can exhibit a dangerous instability called negative-equilibrium catastrophe (NEC), where all non-negative equilibria disappear, leading to unbounded molecular concentrations. We prove that unimolecular IFCs cannot exist due to this issue.",ai
"Innovation in synthetic biology frequently relies on extensive experimental trial-and-error, specialized knowledge, and creativity. Applying rational design engineering methods could make this process more efficient, quicker, less expensive, and safer. However, this necessitates mathematical models of cellular systems, and we must then ascertain if these models can achieve our desired outcomes. In this work, we present two complementary methods to determine if a specific molecular circuit, represented by a mathematical model, can meet our design goals. We explore algebraic methods that can identify general principles ensuring the desired behavior, and we provide an overview of Bayesian design approaches that help select",ai
"Evolutionary biology inspired computer scientists to create the flourishing field of evolutionary computation, including genetic algorithms. Similarly, directed evolution of biological molecules in vitro can be seen as a practical application of genetic algorithms in biochemical experiments. The concept of building blocks, a theoretical basis for genetic algorithms, explains the success of evolutionary search. In evolutionary computation, these building blocks can be equated to domains and motifs of macromolecules in both natural and synthetic evolution.",ai
"Here's the rewritten text, preserving the core scientific meaning and avoiding Markdown Language:Four key chapters outline my primary research interests: 1) data analysis in molecular biology, 2) mathematical modeling of biological networks, 3) genome evolution, and 4) cancer systems biology. The first chapter focuses on my work in developing non-linear methods for dimension reduction. I've extended the classical principal components method with elastic maps and principal trees. Additionally, I've applied matrix factorization techniques to analyze cancer data. The second chapter explores the complexity of mathematical models in molecular biology. I present foundational ideas",ai
"Objective: This paper aims to provide an introductory overview of cryoelectron microscopy as a comprehensive data source for various systems biology fields, including promising non-local approaches like ""localomics"" and ""dynamomics"". It offers a brief summary of different cryoelectron microscopy methods and corresponding systems biology approaches, serving as a helpful framework for understanding the techniques' goals and tools. No specific methods are discussed in detail.",ai
"Biological regulatory networks rely on chemical interactions to process information. Designing such molecular computing systems is a significant challenge in synthetic biology and related fields. The chemical reaction network (CRN) model simplifies chemical interactions, enabling logical reasoning about the computational capabilities of chemical kinetics. In this work, we concentrate on function computation using CRNs, considering the initial concentrations of certain species as input and the equilibrium concentration of another species as output. We are particularly interested in CRNs that are rate-independent (the computation must be accurate regardless of the reaction rate law) and composable ($f \circ g$ can be",ai
"Objective: A key aim in synthetic biology is to engineer genetic networks with specific functions. However, creating biological devices that function as intended is currently challenging and experimentally uncovering flawed designs is costly. To tackle this, we present a fully automated framework that enables the formal verification of synthetic gene networks' correctness in a computer (in silico) using rich, high-level functional specifications.*Model Construction: For a given device, we automatically create a mathematical model using experimental data that describes the components it consists of. The model's structure ensures that all experimental observations are accounted for and allows us",ai
"Synthetic biology's potential for creating intricate cellular circuits to tackle complex calculations extends beyond experimentation and theory. These circuits could handle challenging tasks like decision-making, data storage, or signal processing. As Gene Regulatory Networks (GRNs) are the primary method for synthetic designs, it's beneficial to understand their capabilities and how classical neural network approximations can apply. This paper explores this potential, demonstrating that feed-forward GRNs can perform classic machine intelligence tasks, marking two significant steps towards artificial intelligence success.",ai
"Biological systems' complex structures and dynamics rely on specific, timely biomolecular interactions. Many of these interactions occur within flexible lipid membranes, where biomolecular agents control cell adhesion, motility, and tissue formation. Multivalent interactions, facilitated by reactive linkers confined to deformable substrates, are crucial in both biological processes and the design of synthetic-biological platforms and advanced biomimetic materials. This review explores recent progress in studying and modeling biomimetic systems where synthetic linkers enable multivalent interactions between fluid, deformable colloidal units like lipid vesicles and emulsion droplets. Often, these linkers are created using synthetic",ai
"Coral reefs are crucial for the balance of marine ecosystems, serving as habitats for numerous organisms. They support the reproduction and growth of diverse marine species. This article explores key factors affecting coral lifecycles and reef health, including ocean acidification, deoxygenation, and physical parameters like flow rate and surface area. Ocean acidification is driven by the amount of dissolved carbon dioxide (CO2), which releases H+ ions when it reacts with calcium carbonate compounds in the ocean.",ai
"Ocean acidification poses a significant risk to deep-sea corals, potentially causing rapid and substantial loss of the reef structures they create. The weakening of crucial structural components in coral reef frameworks can lead to large-scale habitat collapse, reducing their ability to support biodiversity. The process of coral degradation and collapse can be explained through a combination of lab experiments and mathematical models. We combine data from electron back-scatter diffraction, micro-computed tomography, and micromechanical experiments, supported by molecular dynamics and continuum micromechanics simulations, to forecast the failure of coral structures as they become more",ai
"""The reduction of computational effort is beneficial for simulating marine ecosystem models. Employing a marine ecosystem model, evaluating and validating annual periodic solutions (steady annual cycles) against observed data is essential to identify biogeochemical processes that impact the global carbon cycle, for instance. For marine ecosystem models, the transport matrix method (TMM) significantly reduces simulation runtime and allows for larger time steps. However, choosing an appropriate time step is challenging, balancing accuracy and runtime reduction. In this paper, we introduce different algorithms that automatically adjust time steps during the computation of a steady annual cycle using the TMM.""",ai
"Parameter identification for marine ecosystem models is crucial for evaluating and validating these models against real-world data. Surrogate-based optimization (SBO) is an efficient method to optimize complex models. SBO uses a less accurate but faster (low-fidelity) model, combined with a suitable correction method, to replace the expensive (high-fidelity) model, enhancing the low-fidelity model's accuracy. To create a cheap low-fidelity model, we explored three methods to estimate the annual periodic solution (a steady annual cycle) of a marine ecosystem model: first, reducing the number of spin-up iterations (using",ai
"Marine plankton play a vital role in carbon sequestration, oxygen production, global climate regulation, and ecosystem functioning. Planktonic ecosystems are contained within moving, stretching, and diluting patches of water. These processes create variations at different scales, affecting overall ecosystem properties, but are challenging to describe. We propose a theoretical framework that considers all these aspects, tracing the water patch carrying a drifting ecosystem along with its physical, environmental, and biochemical characteristics. The model accounts for patch dilution and internal physical mixing based on oceanic strain and diffusion. Ecological dynamics are represented by an idealized nutrient and phyt",ai
"Marine ecosystem models are crucial for evaluating the role of ocean life in climate change and identifying key biogeochemical processes. To assess these models, finding a unique annual cycle (steady annual solution) is desirable. We conducted numerous simulations starting from varied initial concentrations for a series of increasingly complex biogeochemical models. Results showed that all simulations converged to the same steady annual cycle, regardless of initial conditions. Some approximations in numerical methods led to unstable results.",ai
"Ecosystems worldwide face significant threats from human activities and climate change, but it's uncertain which regions are most at risk. This study assesses the resilience of primary productivity indicators for both marine and terrestrial ecosystems globally. Up to 29% of global terrestrial ecosystems, and 24% of marine ecosystems, exhibit signs of resilience decline. These signs are present in all biomes, but the Arctic tundra and boreal forests, as well as the Indian Ocean and Eastern Pacific, are particularly affected. While the findings may underestimate the true extent of the issue, they help pinpoint high-risk",ai
"The simulation and optimization of coupled ocean circulation and ecosystem models in three dimensions is a major challenge in numerical climate research. This paper introduces a scientific toolkit designed to assist researchers by establishing clear coupling interfaces, offering advanced numerical methods for simulation, parallelization, and optimization, using only freely available and largely platform-independent software. The toolkit provides a user-friendly coupling interface (API) for marine ecosystem or biogeochemical models, and heavily relies on the Portable, Extensible Toolkit for Scientific Computation (PETSc) from Argonne National Laboratory for a wide range of parallel linear and non-linear sol",ai
"To effectively manage marine fisheries using an ecosystem-based approach, long-term forecasts of fish stock development, accounting for changing environmental conditions, are crucial. These forecasts can be provided by comprehensive ecosystem models that integrate existing physical and biogeochemical ocean models with advanced fish stock models. Commonly used fish stock models include Individual-Based Models (IBMs) and those based on Advection-Diffusion-Reaction (ADR) equations. Here, we introduce a new fish stock model called SPRAT, designed for end-to-end ecosystem modeling using Population Balance Equations (PBEs). SPRAT combines the benefits of IBMs",ai
"In this work, we introduce a physically-based accounting framework for the Earth System, focusing on Planetary Boundaries. We demonstrate that human activities' impact on these boundaries can be represented using a Landau-Ginzburg phase transition physical model. We illustrate this with the interaction between climate change and ocean acidification, linking the concentration and flux of substances in Planetary Boundaries, as proposed by Rockström and colleagues, to underlying thermodynamic transformations, measurable using our Landau-Ginzburg inspired model.",ai
"Meso- and submesoscale features (fronts, eddies, filaments) in surface ocean currents significantly impact marine ecosystems, influencing the foraging and movement of top predators like tuna, birds, turtles, and cetaceans. This study centers on the role of submesoscale structures in the Mozambique Channel on the distribution of the Great Frigatebird. We employed a novel dynamical approach, the Finite-Size Lyapunov Exponent (FSLE), to identify Lagrangian coherent structures (LCSs) in the Channel's surface flow over two months (August",ai
"Marine ecosystem models are created to comprehend and mimic biogeochemical processes within marine ecosystems. Parekh, Follows, and Boyle proposed the $PO_4$-$DOP$-$Fe$ model for coupled phosphorus and iron cycles in 2005, with the phosphorus cycle ($PO_4$-$DOP$ model) commonly used in parameter identification. This study's mathematical analysis focuses on the existence of solutions and parameter reconstruction from available data, both crucial aspects of numerical model evaluation and validation that have not been fully addressed. We find transient, stationary, and",ai
"In 2005, the Royal Society's report ""Ocean Acidification Due to Increasing Atmospheric Carbon Dioxide"" projected a potential drop in average ocean pH by 0.5 units by 2100. This projection is shown to be based on a linear extrapolation from very limited data. Moreover, the current understanding of ocean mixing and the relationship between pH and atmospheric carbon dioxide concentration does not support this linear extrapolation.",ai
"We introduce a new stochastic model, derived from a 0-dimensional version of the established biogeochemical flux model (BFM), that accounts for temperature random fluctuations in natural systems, providing a more realistic description of real marine ecosystem dynamics. Our study focuses on analyzing the impacts of randomly varying temperature on lower trophic levels of the food web and ocean biogeochemical processes. Specifically, we model temperature as a stochastic process driven by an additive self-correlated Gaussian noise, with varying correlation time and intensity. Our findings show shifts in plankton population dominance, with regimes ranging from coexistence to exclusion of certain populations.",ai
"Marine microalgae are abundant in oceans and have significant ecological roles. Automatically identifying and locating them in microscopy images would greatly aid in developing marine ecological environment monitoring and water quality assessment systems. We introduced a novel dataset for marine microalgae detection, featuring images of various algal genera and different states of the same genus. We ensured class imbalance in the dataset and included mixed water sample images in the test set to mimic real-world conditions. We then trained, validated, and tested TOOD, YOLOv5, YOLOv8, and RCNN variants on this dataset. The",ai
"Marine viruses significantly influence the composition of microbial communities, thereby playing a crucial role in global biogeochemical cycles. Accurately understanding and predicting their ecological and evolutionary dynamics in marine ecosystems is therefore vital. The infection cycle of these viruses is modeled in two distinct ways. In one model, there's a fixed delay between infection and offspring release. The other model releases offspring at random times, following a fixed release rate. Previous studies have noted quantitative differences between these models, with the latter often used as a simplified version of the former. However, recent evidence suggests that this simplification may not hold true.",ai
"The Bay of Bengal (BoB) receives a large amount of freshwater from rivers and rain, leading to strong stratification and a thick barrier layer that prevents vertical mixing, resulting in low productivity. This study aims to model the pH of the BoB region and understand how factors like sea-surface temperature (SST), sea-surface salinity (SSS), dissolved inorganic carbon (DIC), and total alkalinity (TALK) influence the seasonal changes in sea-surface pH. Sensitivity experiments were conducted to examine the role of each factor. The findings indicate that SST, SSS, and DIC",ai
"The reduction of computational costs for marine ecosystem models is crucial for studying and identifying key biogeochemical processes, as these models are computationally intensive. To lower these costs by using larger time steps, we examined the accuracy of steady annual cycles (an annual periodic solution) calculated with varying time steps. We compared the accuracy across a range of biogeochemical models with increasing complexity, using offline simulations based on the transport matrix approach. Remarkably, we found that larger time steps still produced nearly identical solutions for each model, suggesting that using larger time steps can significantly reduce runtime with only a minor loss of accuracy.",ai
"Climate change is an increasingly urgent concern, with many studies focusing on its long-term effects on agriculture, land resources, and biodiversity. However, research on marine life is less common. Our research examines existing data on mangrove populations (groups of shrubs or small trees in saline coastal areas) and their relationships with climate change factors, such as temperature, ocean heat, sea levels, and salinity. Mangroves are crucial to ocean ecosystems due to their protective role for other marine life and their high carbon absorption rate.",ai
"""Given the escalating global problem of plastic pollution, it's high time the tech industry contributes. This study seeks to evaluate if deep learning can accurately differentiate between marine life and human-made debris underwater. The goal is to determine if we can safely clean up our oceans using AI without disturbing the sensitive balance of aquatic ecosystems. Our research focuses on using Convolutional Neural Networks (CNNs) for ecosystem protection, not just waste collection. We created a custom deep learning model using an original database of 1,64",ai
"The marine ecosystem is rapidly changing, showing significant biodiversity loss and the northward shift of tropical species into temperate waters. Closely observing underwater environments and their inhabitants is crucial to understand these changes and develop protective measures. However, tracking biodiversity in vast, unmanageable environments like the oceans can be challenging. Passive Acoustic Monitoring (PAM), which uses hydrophones to record underwater sounds, is a widely used and effective method for monitoring marine biodiversity. Many aquatic animals produce distinct sounds that can help identify",ai
"Mahi-mahi (Coryphaena hippurus) are highly migratory, yet the environmental factors driving their wide distribution are poorly understood. This study explored how temperature affects their aerobic scope and swimming performance. Fish were acclimated to four temperatures within their natural range (20, 24, 28, and 32°C; 5-27 days), and critical swimming speed (Ucrit), metabolic rates, aerobic scope, and optimal swim speed were measured. Maximum aerobic scope and Ucrit occurred in fish acclimated to 28°C. Fish acclimated to",ai
"Marine plastic debris is a significant global environmental concern. Sun-micron plastic particles, with a maximum size of 20 microns, pose the greatest threat to marine ecosystems. Accurate methods to quantify these particles in natural environments are crucial to understand the scale of the problem. Using an optical micro-Raman tweezers setup, we identified the composition of particles in marine aggregates from Okinawa's coastal surface waters. Single-particle chemical analysis revealed that low-density polyethylene dominated, accounting for 75% of the analyzed sub-micron plastics. Our findings show plastics present at all sampling sites.",ai
"3D Corporate Tourism in Marine Sciences: A collaborative approach to drive innovation in science, engineering, and design. Global experts in these fields work alongside local Malaysian specialists in marine and coastal environments. Together, they explore, develop, and design intricate materials and designs inspired by nature on-site, for instance, at UKM's Marine Ecosystem Research Centre and Malaysian Marine Parks. This process involves creating initial biomimetic prototypes and unique designs, fostering new connections and partnerships between international and local professionals. The goal is to chart new territories in emerging engineering and design fields",ai
"Satellite remote sensing and global biogeochemical models have transformed the study of ocean biogeochemical cycling. However, comparing these datasets over time and space is challenging due to the ocean's strong spatial-temporal structuring. This study demonstrates that the Wasserstein distance is a powerful tool for utilizing these structured datasets to improve marine ecosystem and climate predictions. Unlike common methods like root mean squared error, which only consider magnitude differences, the Wasserstein distance also quantifies differences in terms of spatial displacement. As a test case, we examine Chlorophyll-a (a key indicator of phytoplankton biomass) in the North-E",ai
"Recent explosion in echosounder data availability from various ocean platforms offers unparalleled chances to observe marine ecosystems at large scales. However, the lack of methods to automatically identify and summarize key spatio-temporal echogram structures hinders effective and wider use of these rich datasets. To tackle this, we introduce a data-driven method using matrix decomposition. This method creates compact representations of long-term echosounder time series using inherent data features. It follows a two-step approach: first, it removes noisy outliers using Principal Component Pursuit, then it uses a temporally smooth Nonnegative Matrix Factorization to",ai
"""In coastal oceanic waters, the movement of young marine organisms (dispersal) maintains ecological connections, shaping biological communities and providing ecosystem services. Current integrated management strategies for long-term service provision overlook the significance of dispersal and larval connectivity. A new spatial optimization model is presented to maximize potential ecosystem service provision in coastal areas by considering the role of dispersal and larval connectivity. This model combines a proven coastal circulation model that simulates real-world larval transport patterns, which in turn influences biological connectivity and productivity, with additional spatial layers outlining potential ecosystem services. The spatial optimization process""",ai
"Global warming is expected to significantly affect ocean ecosystems. Fish behavior serves as a crucial indicator of changes in these marine environments. Therefore, the automatic recognition of key fish behaviors in videos is a valuable tool for marine researchers, allowing them to study climate change-related issues. We provide a dataset of sablefish (Anoplopoma fimbria) startle behaviors in underwater videos and explore the use of deep learning (DL) methods for behavior detection on this dataset. Our proposed detection system identifies fish instances using",ai
"The offshore wind energy sector has grown significantly over the past two decades, serving as a renewable energy source for coastal countries. While Europe has been at the forefront of this growth, it is now expanding globally. Until now, most wind farms have been built in well-mixed, shallow waters near the shore. However, as the sector continues to grow, it is venturing into deeper waters and a new environment: seasonally stratified shelf seas. These areas, where water density varies with depth, play a crucial role in primary production, marine ecosystems, and biochemical cycles. The construction of wind farm infrastructure in these",ai
"Despite the significance and fragility of small island nations and their ecosystems, they often lack sufficient observations to provide foundational or long-term insights into climate variability and change. Global climate models typically don't have the detail to include these islands. Many studies in climate observation, modeling, and past climates rely on an assumption that equates near-surface marine and terrestrial climates on islands, which can impact island societies and resources. We explore the accuracy of this assumption by comparing monthly average observations from 17 diverse tropical islands worldwide with those from nearby ocean buoys.",ai
"AEROS is a 3U CubeSat designed to test technology for a future ocean-monitoring satellite constellation, focusing on the Portuguese Atlantic region. It carries a miniaturized, high-resolution Hyperspectral Imager (HSI), a 5MP RGB camera, and a Software Defined Radio (SDR). Data collected by these sensors will be processed and made available to users through a new web-based Data Analysis Center (DAC). The HSI has 150 spectral bands, covering visible to",ai
"Objective: This study aims to pinpoint the primary influences on the geomorphological changes in the Mariana Trench, Earth's deepest point, situated in the western Pacific Ocean. The focus is on the impact of steepness angle and sediment compression structure. The Mariana Trench hosts a intricate ecosystem with interconnected elements: geology (sediment thickness and tectonics involving four intersecting plates: Philippine, Pacific, Mariana, and Caroline), and bathymetry (location coordinates, slope angle, depth values at observation points). To analyze this complex system, a multi-faceted approach was employed, incorporating statistics",ai
"The demand for renewable energy is expected to lead to a 40 times increase in offshore wind power generation in the European Union by 2030. While many local impact studies have been conducted on specific marine populations, the broader ecosystem effects of offshore wind farms are still not well understood. Our research aims to determine if the accumulation of epifauna, primarily the filter-feeding Mytilus edulis (blue mussel), on turbine structures impacts pelagic primary productivity and overall ecosystem function in the southern North Sea. We will estimate the potential distribution of these mussels, enhanced by human activity,",ai
"Ocean currents and connectivity are key factors in shaping marine populations and designing Marine Protected Areas (MPAs). We suggest a method that combines Lagrangian transport modeling and new tools from Network Theory to analyze marine connectivity in the Mediterranean. This approach models larvae with varying durations and seasonal timings as passive particles moving in a simulated ocean surface flow, creating a network of connected areas. Hydrodynamic provinces are then identified within this network, defined by boundaries that align with various oceanographic features. By analyzing the frequency of these boundaries, we determine the spatial scales and geographic structures that govern larval dispersal across the entire",ai
"The rapid growth of blockchain-based platform ecosystems in recent years has led researchers across different fields to investigate the factors contributing to their successful implementation. However, creating a blockchain-based platform ecosystem presents numerous challenges for the platform sponsor, which can impact industry-wide adoption and, consequently, the platform's success. This study tracks the evolution of TradeLens, a prominent global shipping platform ecosystem powered by blockchain technology. It analyzes the factors influencing industry-wide adoption among global supply chain actors by examining platform value drivers and platform governance",ai
"Shelf and coastal sea processes span from the atmosphere to the seafloor, driven by local physical, chemical, and biological interactions, and influenced by transport and strong spatial gradients. Current models struggle to describe these interconnected domains and processes due to limited integration and modularity, which hampers data exchange and component sharing, favoring specific physical driver models. We introduce MOSSCO (http://www.mossco.de), a new, flexible system designed to tackle coastal coupling challenges and applications.",ai
"High-frequency sonar systems, deployed on various ocean observing platforms, generate vast amounts of water column sonar data at an unprecedented rate from all ocean regions. Efficiently analyzing these data, either across different sonar instruments or with other oceanographic datasets, is crucial for understanding how marine ecosystems respond to rapid climate change. We introduce Echopype, an open-source Python software library designed to meet this need. Echopype standardizes water column sonar data from diverse instruments following a community convention and encodes data using the widely adopted netCDF data model, enabling intuitive and user-friendly exploration of sonar data, regardless of the",ai
"The Internet of Underwater Things (IoUT) is a developing communication system designed to connect underwater objects in marine and underwater environments. IoUT is closely tied to intelligent boats and ships, smart shores and oceans, automated marine transport, positioning and navigation, underwater exploration, disaster prediction and prevention, and intelligent monitoring and security. Its impact spans from small scientific observatories to mid-sized harbors and global oceanic trade. IoUT's network architecture is inherently diverse and must be robust to function in harsh conditions, presenting significant challenges in underwater communication while relying on limited energy resources. Furthermore, managing the volume,",ai
"The variability, frequency content, and vertical structure of near-surface oceanic kinetic energy (KE) are crucial for understanding air-sea interaction, marine ecosystems, operational oceanography, tracking pollutants, and interpreting remotely sensed velocity data. In this study, KE from high-resolution global simulations using the HYbrid Coordinate Ocean Model (HYCOM) and the Massachusetts Institute of Technology general circulation model (MITgcm), at the sea surface and 15 meters depth, are compared with KE from und",ai
"In the marine ecosystem, a notable characteristic is the consistent size spectrum, where the abundance of organisms, when plotted against their weight, adheres to a power law over nearly ten orders of magnitude. This regularity suggests that ocean population dynamics exhibit approximate scale-invariance. Leveraging this invariance, we develop and solve a size-structured dynamical population model. Commencing with a Markov model that incorporates fundamental processes such as predation, reproduction, maintenance respiration, and intrinsic mortality, we proceed to derive...",ai
"""While significant progress has been made in understanding the effects of specific stressors on individual marine organisms, there's ongoing debate about how multiple stressors simultaneously affect both individual species and marine ecosystems. We present a modeling tool (OSIRIS) to combine the impacts of multiple simultaneous stressors. This model is computationally efficient and has been demonstrated using a simplified, non-spatial, coarse-grained representation of a temperate marine ecosystem. This version can replicate a wide range of dynamic responses. The results show that the extent of synergistic interactions is key in determining sensitivity to changes, particularly for higher trophic levels, which may respond non-line",ai
"We investigate the interaction of hydrodynamic mesoscale structures and plankton growth in the wake of an island, influenced by coastal upwelling. Our primary interest lies in understanding how localized plankton blooms form in vortices. We employ a coupled system: a kinematic flow model that mimics mesoscale structures behind the island and a simplified three-component marine ecosystem model. Our findings demonstrate that prolonged nutrient and plankton residence times near the island and the confinement of plankton within vortices are crucial for",ai
"We show that a simple model based on the reaction-diffusion-advection (RDA) equation, driven by realistic surface velocities and nutrients, can effectively replicate the distributions of surface phytoplankton chlorophyll in the tropical Pacific. Using this low-complexity RDA model, we examine the scale relationships of different drivers' (turbulent diffusion, mean and eddy advection, primary productivity) impacts on phytoplankton chlorophyll concentrations. In the 1/4° (~25km) model, advection significantly influences the rate of primary productivity, while turbulent diffusion has a relatively minor",ai
"Empirical observations in marine ecosystems suggest that the balance between biological and advection time scales may explain species coexistence. To understand this, we measure the time to fixation in neutrally evolving populations in chaotic flows. Counterintuitively, the variation of time scales does not simply lie between the no-flow and well-mixed limits; instead, fixation is slowest at intermediate Damköhler numbers, indicating prolonged species coexistence. Our analysis reveals that this slowdown is caused by increased spatial organization at these",ai
"Planktonic organisms are crucial to marine ecosystems: they form the base of the food chain, connect the atmosphere to the deep ocean, and impact global biogeochemical cycles. Researchers now use imaging technologies to study these organisms in their natural environment. These images offer a chance to model and understand plankton ecosystems, but the data can be vast. For instance, the Imaging FlowCytobot (IFCB) at Woods Hole Oceanographic Institution has been continuously imaging plankton since 2006, generating over 700 million samples. Manually classifying such a large image collection is unreal",ai
"The high population density in coastal areas, besides direct human use, is causing rapid change and degradation of marine ecosystems. Activities like fishing, combined with environmental factors like climate change, pose significant threats to marine biodiversity and affect the services these ecosystems provide. In the southern and southwestern coasts of Portugal, the deep-water crustacean trawl fishery is also affected. This fishery has substantial impacts on various species and results in high levels of unwanted catches. However, considering the entire ecosystem, the fishing impacts along the food web, including interactions between and among species caught, are not well understood. These impacts",ai
"Pacific Ocean Neutrino Experiment (P-ONE)P-ONE is a proposed large-scale neutrino telescope, planned to be situated in the deep-sea of the north-east Pacific Ocean. An international group of researchers, collaborating with Ocean Networks Canada's optical deep-sea data and communications network, aims to deploy an array of kilometer-long mooring lines in the Cascadia Basin, approximately 300 miles west of Vancouver Island, at a depth of around 2660 meters",ai
"Continuous and autonomous measurement of total dissolved inorganic carbon (TCO2) in the oceans is crucial for understanding key climate change factors like ocean absorption of atmospheric CO2 and ocean acidification. To achieve this, compact chemical analysis systems are needed that can be integrated into the existing Argo ocean float network for long-term, unattended depth profiling of dissolved CO2 with the precision of lab-based analysers. A microfluidic conductivity-based method shows promise for this miniaturization. Ensuring a sufficient reagent payload for over 3 years of operation is a vital",ai
"Ocean fronts can lead to nutrient buildup and impact underwater sound propagation, making precise ocean front detection crucial for marine fisheries and national defense. Existing methods have either low accuracy or primarily use binary classification, overlooking the distinct characteristics of various ocean fronts across different sea regions. To address these issues, we introduce a semantic segmentation network called Location and Seasonality Enhanced Network (LSENet) for pixel-level, multi-class ocean front detection. This network incorporates a channel supervision unit that considers the seasonal attributes of ocean fronts.",ai
"Microplastics, particularly PS-COOH, are increasingly studied for their impact on marine microorganisms. Research shows they harm marine molluscs, algae, and monads. This study examines the effect and mechanism of 80 nm PS-COOH microplastics on Antarctic marine yeast, Rhodotorula mucilaginosa AN5. Bacterial counts, Scanning Electron Microscopy (SEM), and metabolite analysis were used. Findings indicate that 50 mg/L PS-COOH inhibits yeast cell",ai
"""Energy storage systems are crucial for enhancing grid adaptability as renewable energy sources, which are variable, become more prevalent. We suggest an insurance contract that fairly reimburses energy storage systems for providing flexibility. This contract opens up more market opportunities for these systems while also encouraging higher integration of renewables into the grid. In a day-ahead market, where generators, including renewables and storage owners, submit bids for the next day's operation, renewable generators may not meet their scheduled production due to uncertainty, incurring penalties. To mitigate these penalties, we propose an insurance contract between a renewable energy producer and a",ai
"""As renewable energy sources and energy storage devices become more prevalent in power systems, it's crucial to assess system costs using the Levelized Cost of Energy (LCOE) method. This paper introduces a new metric, Levelized Cost of Delivery (LCOD), to calculate LCOE for energy storage. Existing LCOE definitions for renewable energy systems are reviewed, and it's shown that conventional LCOE methods are not suitable for evaluating renewable energy storage systems. A new approach is proposed to address this need",ai
"Proposed Roadmap for Italy's Complete Energy Transition to Renewable Sources:Goal: Transition Italy's entire energy demand to be met by electricity generated from low-cost, renewable sources: solar photovoltaic (PV), wind, and hydroelectric power. Assessment: We evaluate the necessary additional power generation capacity and storage requirements, along with associated costs, return on investment (ROI), and payback time. Storage Solution: Given cost-effectiveness, renewable nature, and scal",ai
"Renewable Energy Storage (RES) is crucial to tackle the inconsistency problems of renewable energy systems, thus improving system steadiness and dependability. This study presents an optimization study of sizing and operational strategy parameters for a grid-tied photovoltaic (PV)-hydrogen/battery system using a Multi-Objective Modified Firefly Algorithm (MOMFA). It also explores an operational strategy leveraging hydrogen's long-term energy storage capability. The proposed method was applied to a real-world distributed energy project in a tropical climate zone. To further showcase the method's robustness and flexibility, another synthetic test case was examined",ai
"Future renewable energy systems may need significant storage. Currently, main options are pumped-hydro and Li-Ion batteries. It's unclear which design can compete with these. Using Europe as an example, we find cost and efficiency needs for a hypothetical storage technology, ""storage-X"", in an optimal system with existing pumped-hydro, competing with Li-ion batteries, flexible generation, and demand in a heavily renewable system. We examine 724 storage setups, showing that energy capacity cost and discharge rate are crucial factors.",ai
"""Decarbonizing the global energy sector relies heavily on technology choices for producing and using energy in emerging markets like India, where air conditioning is projected to significantly boost electricity demand. We've used a comprehensive demand-supply model to assess how this growth and its timing will shape India's long-term electricity system. With expected declines in renewable energy and lithium-ion storage costs, our model shows renewables could meet 46-67% of India's annual electricity demand by 2030. However, unless policies phase out existing coal power, even rapid renewable energy adoption along with technologies like low",ai
"An energy storage technology's value lies in its ability to make energy systems more affordable. Traditional approaches to enhancing storage technologies focus on reducing costs, but the most economical option isn't always the most valuable in energy systems. Current techno-economical assessment methods consider both cost and value, but they don't compare the competitiveness of multiple technologies simultaneously. This study introduces the 'Market Potential Method' as a new, complementary valuation approach to guide the innovation of multiple energy storage technologies. This method determines a technology's value by analyzing common deployment indicators from energy system model outputs in a structured manner. We apply and",ai
"Increased adoption of renewable energy sources and advancements in electric battery storage technologies offer a potential to decrease electricity price fluctuations while keeping the power grid stable. This study introduces an algorithmic method to control battery levels and forward positions to effectively manage power output variations caused by intermittent renewable energy generation. Additionally, this paper will examine how battery technology impacts a firm's optimal trading behavior in the electricity spot market.",ai
"Renewable resources are increasingly dominant in global energy systems. This study examines how the upfront costs of renewable technologies influence the optimal setup and energy cost of an isolated power system consisting solely of renewable resources. The HOMER software was modified to simulate pumped storage hydropower and geothermal power plants. Ometepe Island, Nicaragua, was chosen as a case study due to its availability of wind, solar, and geothermal resources, and the presence of an extinct volcano with a crater lake suitable for a pumped storage hydropower upper reservoir. When geothermal power is included, it effectively serves the",ai
"As the cost of renewable energy decreases below that of fossil fuels, the primary challenge in achieving widespread sustainable power generation is making renewables dispatchable. Low-cost energy storage can provide this flexibility, but no clear technology currently meets this need. Pumped hydroelectric and compressed air storage have low costs, but they are geographically limited. Similarly, lithium-ion batteries are widely used, but even their lowest possible cost is too high to enable cost-competitive dispatchable renewables. Here, we introduce a concept based on thermal energy grid storage (TEGS) using a multijunction photovoltaic heat engine",ai
"Energy storage can help integrate renewable energy sources by providing arbitrage and ancillary services. Optimizing both energy and ancillary services in a centralized electricity market reduces system operating costs and improves energy storage system profitability. To achieve this, proper storage location and sizing are crucial. We employ a bi-level approach to optimize storage location and size, enabling energy arbitrage and regulation services. Our model also ensures investment profitability in energy storage by enforcing a rate of return constraint, while maintaining computational tractability.",ai
"""Ambitious goals for renewable energy and CO2 taxation are both significant political tools for decarbonizing the energy system. We simulate a large number of interconnected electricity and heating systems, with the primary sources of CO2-neutral energy coming from variable renewable energy sources (VRES), such as wind and solar power plants. The model considers hourly scheduling of all technologies over a full year for every European country. In each simulation, the amount of renewable energy and the level of CO2 tax are predetermined",ai
"This paper explores the electricity storage needs to facilitate a transition towards high renewable energy source (RES) integration in a cost-effective way. It quantifies the reduction in RES curtailments and the decrease in overall system generation cost compared to a scenario without storage. The paper presents a method to find the optimal mix of short- and medium-duration storage to support system operation at higher RES levels, using mixed integer linear programming. The Greek power system is used as a real-world case study, based on its",ai
"In this report, various control methods are suggested for microgrids powered by renewable energy sources and battery energy storage systems. Renewable energy can decrease global carbon emissions, but its wider adoption is hindered by the natural variability and unpredictability of these resources. This drives the creation of microgrids supplied by renewable energy. By managing storage units and interacting with the energy market, the uncontrollable nature of renewable energy can be regulated to simplify grid operation scheduling. Battery energy storage systems (BESS) are commonly used to make renewable energy more manageable and usable on demand. With appropriate prediction techniques and control algorithms",ai
"""High renewable energy targets require significant flexibility in power systems, which comes at a cost. This study explores using storage systems to achieve high renewable energy penetration, and balances the trade-off between providing flexibility and exploiting real-time price differences. Specifically, it investigates how operation costs, storage capacity, and renewable penetration levels relate to each other, demonstrating the value of storage and the true costs associated with high renewable penetration.""",ai
"Energy storage is vital for smart grids, enabling them to manage fluctuations in renewable energy supply. Even without any usage, energy storage systems lose stored energy due to self-discharge, with some technologies losing over 50% per day. This paper examines self-discharge using a queueing system model, or 'leakage queue'. When the average net charge is positive, the system operates in two regimes: leakage-dominated and capacity-dominated. In the leakage-dominated regime, stored energy stabilizes at a certain level.",ai
"The levelized cost of energy (LCOE) is a metric that represents the total energy-normalized cost of a power generation asset over its entire lifespan, taking into account both initial investment and operational costs. It serves as a convenient and standardized way to compare different energy technologies with varying characteristics. While the LCOE calculation for large-scale power plants and distributed generation systems has been widely studied and documented, the discussion on its application to energy storage systems is less extensive. Despite being relatively expensive compared to generation technologies, energy storage has garnered significant attention and seen widespread deployment in recent years, largely due to",ai
"This paper introduces a new optimization model and method to determine the optimal locations and sizes of renewable energy sources and hydrogen storage in a power network. It makes strategic decisions based on a multi-period alternating current optimal power flow (AC OPF) problem, considering uncertainties in renewable output, electricity demand, and prices. The paper presents a second-order cone programming approach within a Benders decomposition framework to achieve globally optimal solutions. To our knowledge, this is the first systematic optimization framework based on AC OPF that jointly examines power network, renewable, and hydrogen storage interactions to provide optimal location and size",ai
"Renewable electricity sources like wind and solar have significantly improved in efficiency, cost, and availability, yet integrating them into the system remains challenging. Achieving a completely renewable electricity supply requires large-scale storage technologies and adaptable users to manage extended periods of low generation. Meanwhile, other sectors like mobility and industry must shift from fossil fuels to electricity. Power-to-Methane is a promising technology as it allows large-scale energy storage and sector coupling using existing infrastructure. In this study, we examine the concurrent transformation of Germany's electricity, mobility, and industry sectors, considering recent decisions to phase out coal by",ai
"Analysis of Korea's 2050 Carbon Neutrality:Findings: Achieving 2050 carbon neutrality requires significant changes to Korea's energy system, with the power sector playing a crucial role.Current Policies: Existing plans are insufficient to meet the country's climate goals. Required Actions:Early On: Large-scale deployment of renewable energy and carbon capture & storage (CCS) technologies.Mid-Century: Introduction of negative emission technologies (NETs). Throughout: Rapid decarbonization of the",ai
"Energy storage systems (ESSs) are crucial for future smart grids, helping to stabilize renewable energy output. However, individual user installation may not be feasible due to space constraints and high costs. This paper explores managing energy for multiple users with renewable sources and a shared ESS. We present an algorithm that optimizes charging/discharging to/from the shared ESS, allocating profits based on user-specific preferences, while considering practical system constraints. We validate our approach with real-world data simulations.",ai
"This paper explores the depiction of energy storage in electricity sector capacity planning models. As the costs of storage technologies, notably batteries, and complementary variable renewable technologies decrease, their inclusion in long-term system models becomes increasingly significant. To accurately evaluate storage technologies, a representation of connections between time periods is necessary, surpassing traditional temporal aggregation methods that enhance computation speed. We examine methods to address this issue, emphasizing a shared fundamental structure, conditions for lossless aggregation, and challenges of aggregation at relevant geographical scales.",ai
"Recent global events highlight the significance of a dependable energy supply. Enhancing energy security can be achieved by decentralized off-grid renewable energy systems, with an increasing number of case studies being explored globally. This review provides a worldwide snapshot of the levelized cost of electricity (LCOE) for these standalone energy systems, ranging from 0.03 to over 1.00 USD/kWh. The average LCOEs for 100% renewable energy systems have dropped by 9% annually from 2016 to 2021, from 0.",ai
"Our study calculated the overall cost of generating electricity (LCOE) for a power grid heavily reliant on renewable energy using our optimization model. We examined these results in the context of the interrelation of energy, environment, and economic growth for Small Island Developing States (SIDS). While a 100% renewable energy system is technically feasible with energy storage, the estimated LCOE is 397 $/MWh, significantly higher than residential electricity prices in the U.S. and Japan. Sensitivity analyses suggest that the estimated LCOE could increase by 223% in a",ai
"In the pursuit of climate goals, many governments and organizations are promoting local development of Renewable Energy Technology (RET). The spatial spread of technology development partly relies on the characteristics of the knowledge base it's built upon, specifically its analyticity and cumulativeness. Theory suggests that more analyticity and less cumulativeness leads to wider development. This study first tests these relationships across general technologies, then analyzes the knowledge base characteristics for 14 different RETs. Results show that some RETs, like photovoltaics, fuel-cells, and energy storage, have highly",ai
"Plug-in hybrid electric vehicles (PHEVs) are an eco-friendly technology expected to rapidly integrate into the transportation system. Renewable energy sources like wind and solar, though clean, are intermittent and increase power generation uncertainty. Deploying PHEVs in a vehicle-to-grid (V2G) system offers a way to reduce renewable energy source variability. For instance, PHEV infrastructure like battery exchange stations could serve as grid-stabilizing storage devices during fluctuating renewable energy production. This paper explores the optimal siting of such stations.",ai
"Technology companies are driving a shift towards renewable energy, investing in sources like solar and wind to reduce their data centers' carbon footprint. They contribute to new solar and wind farm construction and engage in power purchase agreements or carbon offset purchases, acknowledging the challenge of relying on renewable energy 24/7 due to the intermittency of wind and solar. The variability in solar and wind energy production can lead to surplus or deficit supply at different times. To manage these fluctuations, multiple strategies are employed, including optimizing capacity through a blend of solar and wind sources.",ai
"Exploring new viewpoints for green technologies is a key challenge in the 21st century, where the demand for clean and renewable energy has become paramount. Hydrogen as a fuel shows promise, as its oxidation releases around 285 kJ of energy per mole, roughly three times that of hydrocarbons, and produces water as its combustion product (Ramage, 1983). As a chemical energy carrier, efficient storage and non-dispersive transportation are key objectives. Three main considerations arise here: (i) storage capacity, (ii) storage stability, and (iii) the",ai
"As renewable energy resources, which fluctuate on large timescales, become more prevalent, controlling flexible resources will be crucial to managing the variability they introduce. These flexible resources can consist of both new and existing synchronous generators, as well as new energy storage devices. When energy storage is necessary, it should be added in a way that minimizes the overall cost of integrating renewable resources. However, determining the optimal location and size of energy storage is a complex optimization problem. Traditional planning methods may not accurately reflect real-world operations and controls, potentially compromising the reliability of their results. In this study, we employ an",ai
"""Future 'net-zero' electricity systems relying heavily on renewable sources may need vast amounts of storage from various technologies to balance supply and demand variability. This research explores scheduling and sizing such storage. We present a value-function based method for optimal scheduling, proving that at each time point, the problem simplifies to a linear program with a straightforward solution. We demonstrate that near-optimal scheduling is possible without continuous future supply-demand forecasts. We apply this theory to assess the UK's future storage requirements and discuss the findings.""",ai
"The shift to low-carbon energy systems necessitates the growth of renewable and flexible technologies in power sectors. We compare six power system capacity expansion models to find the best way to expand these technologies, which include base and peak-load power plants, electricity storage, and transmission. We created four simplified and consistent scenarios that focus on the expansion of one or two specific technologies to understand their impact on model results. Our findings show that different assumptions about the limited availability of technologies cause significant differences in the optimal capacity expansion of models in almost all scenarios. The fixed energy-to-power ratios of storage can significantly alter the optimal expansion outcomes",ai
"Studies have assessed the economic viability of 100% renewable power systems using optimization methods, but the factors influencing results are not well understood. A fundamental model in this study found that the largest difference between demand and power generation profiles, known as the bottleneck, dictates the optimal capacities of generation and storage, and their trade-off. Applying microeconomic principles, this study quantified the relationships between the cost of technologies, their optimal capacities, and overall system cost. Using real-world data from various years and regions in Japan, this study showed that hybrid systems using multiple cost-effective renewable energy sources and different storage types",ai
"In recent years, the electrification of Canadian Remote Communities (RCs) has gained substantial attention. Their current electric energy systems are costly and highly polluting, largely due to the widespread use of diesel generators. RCs' unique geographical characteristics present additional challenges in planning their power supply. Thus, this paper introduces an optimization model for long-term planning of RC Microgrids (MGs), aiming to reduce costs and emissions by integrating Renewable Energy Sources (RESs) and Energy Storage Systems (ESSs). The proposed model considers lithium-ion batteries and hydrogen systems as key ESS technologies. The model",ai
"We investigate the integration of renewable energy in transport and electricity sectors using Vehicle-to-Grid (V2G) technologies in a primarily lignite-based energy system. We model Macedonia's national energy system using EnergyPLAN, which incorporates energy for electricity, transport, and heat, and accounts for hourly variations in demand and environmental factors. Our study demonstrates that electric vehicles can serve as crucial storage, facilitating a 100% renewable energy profile for Macedonia that meets the country's increasing energy demand. Additionally, a significant adoption of electric vehicles results in",ai
"Renewable Energy Communities (RECs) empower consumers in the energy sector, raise awareness about renewable energy (RE) technologies, and increase their usage to decrease greenhouse gas emissions. However, the economic feasibility of RECs is influenced by several interconnected factors that must be carefully assessed in each specific context. This study aims to examine how electricity tariffs, the ratio of electrification in heating and transportation sectors, prices of RE technologies and storage systems, and internal electricity exchange prices impact the annual cost of electricity provision in a REC. A mixed-integer linear model is used to minimize energy provision costs for a typical",ai
"Integrating significant amounts of electricity from non-dispatchable Renewable Energy Sources (RES) results in a more variable power generation, with temporary local excess production. Energy storage units can effectively use this surplus RES electricity and prevent waste. This work aims to determine cost-optimal charging strategies for energy storage units acting as buffers. A novel mathematical optimization method is introduced, applicable to various storage-related problems. This method offers a substantial efficiency boost over standard solvers and ensures optimality, enabling swift calculations of complex problems and high-resolution sensitivity analysis for multiple system combinations.",ai
"Transitioning to a future U.S. electricity system predominantly powered by wind and solar PV is explored for all regions in the contiguous United States. We provide optimized paths for wind and solar power deployment that minimize backup energy needs and cost, using a simplified, lightweight model based on long-term, high-resolution weather-driven generation data. Without storage, the pathway that best aligns generation with load, thus minimizing backup energy requirements, typically favors a combination of both technologies, with an approximate 80/20 wind/solar PV energy mix in a fully renewable scenario. The least costly development is found to begin with",ai
"With rapid advancements in renewable energy and battery storage technologies, there's substantial potential to enhance energy efficiency and reduce costs through optimization. Yet, optimization algorithms must consider the intricacies and uncertainties of interconnected systems to fully capitalize on this potential. We address this by framing an energy management optimization problem as a Markov Decision Process (MDP), incorporating battery storage dynamics, a stochastic demand model, a stochastic solar generation model based on NOAA weather forecast data, and an electricity pricing scheme. We then derive a near-optimal policy.",ai
"Many nations' electrical power generation and transmission systems face mounting pressure, largely due to the shift towards low-carbon economies and the growing dependence on renewable energy sources. The decrease in traditional fossil fuel power plants, which provide consistent base load, has been replaced by more variable renewable sources, leading to increased grid instability. To manage this unpredictability, the UK's National Grid is exploring various technical solutions, such as smart grids, energy storage technologies, and auxiliary power sources, to prevent potential grid instability crises. These efforts have shown promise.",ai
"""Rapid and extensive decarbonization of electricity production is crucial for achieving a timely transition to net-zero emission energy systems. Although future power systems are expected to be dominated by variable renewable energy (VRE), research has shown the need for low-carbon dispatchable power like nuclear. Using a cost-optimizing power system model, we explored the economic feasibility of investing in new nuclear capacity in the UK's net-zero emissions energy system, considering four key factors: the capital cost of new nuclear, the availability of competing technologies, the expansion of interconnection, and weather conditions. We found that new nuclear",ai
"In isolated or low-carbon micro-grids with high renewable energy penetration, reliable power supply requires energy storage. Different storage types have varying round-trip efficiency, power and energy capacity, self-discharge, and cost. Geographical and seasonal variations in load demand and renewable energy availability necessitate combined capacity optimization for multiple storage and generation types.",ai
"Managing flexibility in power grids is a promising way to tackle the challenge of balancing electricity generation and demand. This task is becoming more complex due to the variable nature of renewable energy sources. Aggregating and managing thermostatically controlled loads with a 'virtual battery' offers a cost-effective and efficient alternative to physical storage systems to smooth out the variability of renewable energy. However, accurate control systems are needed for virtual batteries to track frequency regulation signals with minimal error. A real-time control system enabling virtual batteries to precisely track frequency or power signals has been developed and tested on a virtual battery composed of",ai
"A microgrid with random load, variable renewable energy generation, and an energy storage unit is considered. The grid controller dictates the total net load the microgrid should show to the main grid. If needed, the microgrid must implement load shedding and renewable energy curtailment to meet this net load. The microgrid controller aims to run the local energy storage unit to minimize the risk of load shedding and renewable energy curtailment over a certain time period. The problem of optimizing the storage unit's operation is formulated as a finite-stage dynamic programming",ai
"Energy storage investment decisions are influenced by emissions-neutrality constraint, showing different outcomes for 'philanthropic' (profitability-constrained) and profit-maximizing investors. A mixed-integer linear programming (MILP) heuristic is employed to address the bi-level problems. In a 30% renewable system, a philanthropic investor installs significantly more energy storage, enhancing system flexibility, regardless of the emissions-neutrality constraint. The price of storage and carbon emissions impact these decisions.",ai
"High renewable energy penetration, crucial for deep decarbonization, brings challenges like variability and intermittency from solar PV, causing ramping issues in grids relying on fossil fuels. Long-term energy storage is needed to ensure reliable grid operation at high renewable penetrations. A proton exchange membrane electrolyzer can generate hydrogen (H2) and act as a controllable load for utilities. The produced H2 can be stored and converted back to electricity, blended with natural gas, used as a transportation fuel, or as",ai
"Energy storage technologies are crucial in electrical grids, especially with the increasing use of renewable energy sources. Flywheel energy storage systems, now competitive due to advancements in materials and design, warrant a closer look at their unique mechanical aspects. While the principles of rigid body rotation around a fixed axis are well-known, specific flywheel-related issues, such as calculating stress from centripetal forces at high speeds, are scattered or absent in standard sources. This warrants a focused examination of flywheel-specific mechanical challenges and the derivation of relevant equations.",ai
"""Recently, there's been increasing interest in incorporating hydrogen storage into power grids with high levels of renewable energy integration. Both economic advantages and grid reliability are crucial for successful hydrogen storage integration. This paper introduces an Annual Scheduling Model (ASM) for Energy Hubs (EHs) connected to power grids to explore the annual benefits of Seasonal Hydrogen Storage (SHS). Each energy hub includes hydrogen storage, electrolyzers, and fuel cells, allowing exchange of electrical and hydrogen energy with the grid. The ASM enforces physical constraints for both grids and EHs, and considers the daily operation of",ai
"The use of renewable energy sources (RESs) has gained prominence globally, particularly in the last two decades. While high penetration of RESs reduces environmental impact compared to conventional fossil fuel-based energy generation, it also introduces complexities in control and significantly reduces the total inertia of the system due to the removal of conventional synchronous generators. Some technical challenges arise from RES integration, including high uncertainties, low fault ride-through capability, high fault current, low generation reserve, and low power quality. Renewable energy sources like solar and wind are highly uncertain due to the intermittent nature of wind and sunlight. Advanced technologies, such as",ai
"Energy storage is required to enable renewable energy sources that can be dispatched as needed, thus facilitating the complete decarbonization of the power grid. However, this is only feasible with significant reductions in costs compared to current battery technology, with predicted targets for the cost per unit energy (CPE) below $20/kWh. Notably, for full decarbonization, long duration storage up to 100 hours will be needed at these low costs, and previous analyses have shown that in scenarios with high renewable energy penetration, the CPE is more critical than other parameters such as round trip efficiency",ai
"Smart energy grids enable efficient integration of high levels of variable renewable energy sources such as solar and wind, crucial for significantly reducing energy production's carbon emissions. However, managing the variability of these renewable sources and energy demand requires effective control strategies and energy storage solutions to balance generation and meet economic and environmental targets. This paper presents a hybrid energy storage system combining batteries and hydrogen storage to tackle uncertainties in electricity prices, renewable energy production, and consumption. Our goal is to enhance renewable energy usage, lower energy costs and emissions, and maintain reliable and stable energy supply within the grid.",ai
"Predicting biodiversity futures under climate change is vital for protecting species diversity. Many ecological studies forecast these futures using different global warming scenarios, each modeled by various climate models. Interpreting these varied predictions is crucial. We suggest a two-step, interpretable and flexible method: first, we measure the similarity between predicted species range maps, then we cluster these future scenario predictions using a spectral clustering technique. Our findings show that when clustering based on ecological impact (predicted species range maps), the primary factor is the extent of warming. In contrast, clustering based solely on predicted climate features is largely influenced by the",ai
"The stability and resilience of an ecosystem to climate change is directly tied to its biodiversity. Dead trees serve as a crucial indicator of overall forest health, harboring one-third of forest ecosystem biodiversity, and holding 8% of the global carbon stocks. They decompose due to various natural factors like climate, insects, and fungi. Accurately detecting and modeling dead wood mass is vital for understanding forest ecology, the carbon cycle, and decomposers. We introduce a new method to create precise shape outlines of dead trees from aerial photographs by merging established convolutional neural networks with a novel active contour model in an",ai
"To achieve sustainable development, we need to understand and predict how social, economic, and political factors affect biodiversity. Trends in population, economic growth, regional alliances, and consumption patterns significantly influence the environment by driving resource use and production. While these broader socio-economic factors impact species and ecosystems globally, for instance, by driving greenhouse gas emissions and climate change, the most common human impacts on biodiversity occur locally through habitat loss and land-use changes. We present the first comprehensive ecological-economic analysis pathway that can aid in designing national policies and assessing global biodiversity risks posed by socio-economic drivers like population growth, consumption, and trade",ai
"Climate change poses a direct threat to biodiversity by affecting the physical factors that determine species' geographic ranges. It also indirectly impacts biodiversity through socio-economic changes that alter land use patterns, driven by global consumption, production, and climate. No comprehensive analyses have yet assessed the relative importance or interaction of these direct and indirect climate change effects on biodiversity at large scales. In this study, we use a new integrated modeling framework to evaluate the relative influence of physical and socio-economically mediated impacts on bird species in Vietnam and Australia. We find that the physical impacts on suitable habitats are generally more significant than socio-economic",ai
"Sirenia, sea mammals, colonized European coasts around 2.7 million years ago. Their species diversity evolved alongside the Cenozoic Era's climate. Many climate events and the overall trend remain unclear. Considering just Earth processes, understanding the Cenozoic climate is challenging. But, considering the galaxy's environment, some climate events and trends become clearer. The Milky Way's supernovae might explain the Cenozoic climate's evolution. Assuming supernovae (SN) played a role, we",ai
"Humans are putting ecosystems under growing strain through habitat destruction, climate change, and global population shifts, leading to widespread loss of biodiversity and disruption of crucial ecological services. Ecosystems heavily based on mutualistic relationships between species, like plant-pollinator interactions, may be especially vulnerable to these disturbances. The loss of biodiversity can trigger extinction cascades that can potentially collapse the entire network. We present a general strategy for restoring degraded ecosystems, using principles from network science. Specifically, we demonstrate that network topology",ai
"The global variation in plant height is crucial for the Earth's carbon cycle and the functioning of ecosystems and their biodiversity. Detailed, location-specific information is needed to manage land ecosystems, combat climate change, and stop biodiversity loss. We introduce the first worldwide canopy height map with a 10-meter ground sampling distance for the year 2020. No single data source fulfills these needs: missions like GEDI provide sparse, detailed height data, while optical satellites like Sentinel-2 offer global density, but can't directly measure height. By combining GEDI with S",ai
"Despite significant interest and extensive research over decades, the causes behind Earth's major biodiversity losses throughout history, known as mass extinctions, are still not fully understood. Several potential causes have been explored, such as asteroid or comet impacts, massive volcanic eruptions, changes in continental distribution due to plate tectonics, and biological factors. Many of these proposed drivers, either directly or indirectly, involve changes in Earth's climate, which subsequently impact the planet's biosphere and lead to a global decline in biological species diversity. Therefore, a comprehensive understanding of these climate variations and their effects on ecosystems is crucial for a",ai
"""Over the past 30 years, many studies have proposed that the Sun's movement within our Galaxy might cause mass extinctions or climate change on Earth. Suggested causes include comets (due to disturbances in the Oort cloud), cosmic rays, and supernovae, with their effects possibly influenced by the Sun passing through the Galactic plane or spiral arms. Some argue that regular patterns in fossils, impact craters, or climate indicators over the past 545 million years support these ideas. However, this is a contentious topic, with many challenges and counterarguments presented. In",ai
"The impact of climate on biodiversity is a significant ecological issue. Multiple theories attempt to connect climate change with allelic richness, aiming to forecast the influence of global warming on genetic diversity. We developed a model that relates genetic diversity in European beech forests to temperature and precipitation curves derived from pollen databases. This model connects the genetic measure to climate curves using linear functional regression, assuming a bilinear interaction among climate variables. Given the georeferenced nature of our data, our approach accounts for spatial dependence among observations. Practical",ai
"Climate change is an urgent issue that grows more pressing each year. Many studies have explored its long-term impacts on agriculture, land resources, and biodiversity, but marine life research is less common. Our research focuses on analyzing available data on mangrove populations - groups of shrubs or small trees found in saline coastal intertidal zones - and their relationships with climate change factors, including temperature, heat content, various sea levels, and sea salinity. Mangroves are crucial to oceanic ecosystems due to their protective role for marine life and their high carbon absorption",ai
"Shallow water and coastal aquatic ecosystems like coral reefs and seagrass meadows significantly influence Earth's climate and biodiversity, and safeguard coastal communities from erosion and storm surges. However, current remote sensing technologies (drones, UAVs, satellites) struggle to capture detailed images of these ecosystems due to fluid lensing effects, distortions caused by surface waves and light underwater. A machine learning model was developed to mitigate these effects, generating clearer, more stable images.",ai
"Marine conservation safeguards fish biodiversity, shields marine and coastal ecosystems, and bolsters climate resilience and adaptation. Though setting up marine protected areas (MPAs) is crucial, studies on the effectiveness of MPAs with varying conservation policies are scarce due to the scarcity of quantitative MPA data. This paper, using a global MPA database, explores how MPA policies affect fish biodiversity. To tackle the challenges posed by this clustered and confounded observational study, we develop a matching estimator for the average treatment effect and a cluster-weighted bootstrap method for variance estimation. We prove the theoretical validity of the matching estimator and",ai
"With the increasing number of discovered exoplanets, the Gaia hypothesis gains renewed interest. This hypothesis posits that the biosphere of a habitable planet regulates its climate through feedback mechanisms, maintaining habitability. While empirical research has focused on understanding this concept, its mathematical representation has received less attention. In this study, we explore the stability of a planetary climate system with a dynamic biosphere by connecting a conceptual climate model with a generic population dynamics model featuring random parameters. We first demonstrate that the coupled system's dynamics exhibits multiple timescales, placing it in the category of slow-fast dynamics.",ai
