text,source
"This talk aims to explain extra dimensions to non-experts in simple terms. String theories, which are more fundamental, suggest that there could be 10 or 11 dimensions, not just the 4 (3 spatial + 1 time) we experience. These extra dimensions are tiny and curled up, and they have 'branes' where forces like gravity and electromagnetism live. The size of these tiny dimensions affects how strong gravity is in our large-scale world. We can't see these extra dimensions directly, but we might spot signs of",ai
"We examine current states of low-scale string theories and large extra-dimensions. We survey various string theory implementations, discuss key challenges, and summarize current bounds from collider experiments on potential extra-dimension sizes.",ai
"String theory's noncommutative space coordinates, in a large extra dimension hierarchy problem solution, lead to examined consequences: dimension stability and graviton absorption within the brane.",ai
"The Event Horizon Telescope (EHT) observations may hold hints about extra dimensions. To find these clues, we examine the shadow of a rotating 5D black string in General Relativity. Unlike studying the 4D theory's shadow, we focus on how photons move along the extra dimension 'z', with a conserved momentum 'P_z' acting as an effective mass. This 'P_z' widens the photon regions and the black string's shadow slightly, but doesn't significantly alter its shape. Observations of M87* and SgrA* by EHT can disprove an",ai
"This paper aims to connect seemingly unrelated concepts: zero-point length, extra dimensions, and string T-duality. It introduces a modified Kaluza-Klein theory that bridges high-energy string theory and low-energy quantum field theory. Here, zero-point length serves as a four-dimensional ""virtual memory"" of compact extra-dimensions' scale, determined by T-duality from string theory. From a low-energy perspective, this theory sets a minimal length scale, proportional to the square root of the string slope (√α'). This provides a link between the ultra-relativistic string domain and low-energy physics.",ai
"String theory suggests our universe might have more dimensions than the familiar 3D space and 1D time. These extra dimensions could be tightly curled, making them hard to detect. This study explores how particles scatter in the presence of an extra, compact space dimension. We use a simplified model where a particle beam scatters due to a one-dimensional potential. Our findings show that the probability of particles being incident, reflected, or transmitted holds clues about the existence of extra dimensions.",ai
"Current research on black strings, their instability, and extra dimensions is ongoing. While many theories exist, the fate of black strings with fewer extra dimensions remains unclear. Starting with a 5D uniform black string, we've found that observations of M87* and SgrA* by the Event Horizon Telescope (EHT) can eliminate the possibility of an infinitely long extra dimension. Additionally, these observations can set a limit on the size of a compact extra dimension, much smaller than previously thought",ai
"String theory, which includes quantum gravity, typically demands extra spacetime dimensions beyond the usual 3+1. However, this might be due to imposing a static, flat background space. Instead, consider 3+1 dimensional quantum gravity approaches using discrete, simple shapes (simplicial). These naturally exhibit string-like properties, intertwined with their evolving space. Thus, if these theories work, they might essentially contain consistent, background-independent string theories.",ai
"String theory demands extra dimensions, but they might not be real. In certain models, these extra dimensions are not physical and don't show up in low-energy physics. I suggest that self-duality in gravity's quantum space might explain this.",ai
"We examine how dilaton tadpoles affect the geometry of non-supersymmetric strings. Using a T-dual version of the Sugimoto model, we find warped solutions and explore the possibility of large extra dimensions. Our study suggests a dynamic method to reduce the number of flat, non-compact dimensions in non-supersymmetric string theories.",ai
"In extended versions of the 3+1 FRW model with extra dimensions, we find the equations describing cosmic string motion. From these, we develop a modified Velocity-dependent One-Scale (VOS) model for string network evolution. We apply this model to two scenarios: a higher-dimensional isotropic $D+1$ FRW model, and a 3+1 FRW model with static, flat extra dimensions. In the first scenario, the string network fails to reach a stable state due to the decreasing rate of string intersections as dimensionality increases (D>3). However, in the second",ai
"I suggest that string creation might have contributed to reheating the universe post-inflation. For four-dimensional strings derived from branes wrapping extra-dimensional cycles, effective field theory estimates indicate that a modest drop in string tension, just a couple of orders below the Planck scale, could allow string creation to significantly drain energy from the inflaton field's coherent motion. Additionally, I note a unique four-dimensional scenario involving only Neveu-Schwarz fields, which could facilitate studying closed string creation directly on the worldsheet",ai
"To make string theory relevant to our world, we must consistently stabilize various moduli fields that arise in its compactifications. This paper introduces a method to stabilize the dilaton within string gas cosmology, a framework already proven effective for stabilizing extra dimensions' volume and shape. Building on prior work showing massless F-string modes' role in stabilizing extra dimensions after dilaton stabilization, we find that the string gas cosmology of these modes also consistently stabilizes the dilaton, given the stabilization of extra dimensions. We then extend this to higher dimensions.",ai
"We suggest a method to address the horizon and entropy issues in standard cosmology without relying on inflation. Our approach uses brane gases, extra dimensions, and a confining potential driven by string gas effects that dominates at string-scale brane separations. We begin with a uniform, isotropic hot brane gas in a space where all spatial dimensions are at the string scale. The extra dimensions that become internal are folded into an orbifold. The hot brane gas initiates this process.",ai
"Theory: Extra dimensions and light string scales could make neutrinos' magnetic moment large. High-energy neutrino reactions can best test this. We looked at neutrino-electron scattering and supernova energy loss. For a typical neutrino-bulk neutrino coupling, supernovae need more than one extra dimension (n > 1).",ai
"Strings & Motivations: Heterotic strings can compactify to large volumes. This leads to gauge coupling unification and supersymmetry breaking. M-theory & Strings: M-theory on S^1/Z_2 × Calabi-Yau leads to Type I/I' string theories, which have D-branes. These theories can have extra-large dimensions and low-scale strings. Type II Theories: Type IIA and IIB strings have unique features like tiny couplings and large dimensions. They are related to heterotic strings via dualities.",ai
"In string gas cosmology, tiny strings stabilize extra dimensions. In the matter era, dust pressure can cause these dimensions to oscillate, leading to accelerating expansion in our visible dimensions, even without a cosmological constant. This model matches observed cosmic acceleration.",ai
"String theory offers a consistent way to study theories with extra dimensions, revealing their ultraviolet behavior, with or without low-energy supersymmetry.",ai
"We examine how extra dimensions impact gravity waves from cosmic strings. Additional dimensions smooth out sharp points (cusps) and decrease their likelihood. Considering these effects, we recalculate the gravity wave bursts, finding a possible significant reduction in their intensity.",ai
"In string theory, breaking supersymmetry can naturally create extra dimensions, tiny but measurable (around 10^-16 cm), and strings at a TeV scale could solve the gauge hierarchy problem, offering an alternative to softly broken supersymmetry or technicolor. This review explores consistent string theories with large compactified volumes and low string tensions, and discusses their main physical implications.",ai
"In theories with many extra dimensions and gravity at the TeV scale, particles called flavons may exist alongside gravitons. These flavons are part of a theory that explains tiny fermion masses. They interact with the Higgs field, potentially creating new ways for Higgs bosons to be produced. We investigate these novel Higgs signals, including real flavon emission and virtual flavon exchange. If flavons and gravitons feel the same number of extra dimensions, these signals could be as useful as studying graviton production for probing the string scale.",ai
"String theory's duality symmetries show how wrapping strings around objects (branes) or wrapping branes around shapes (tori) can create extra spatial dimensions. Wrapping branes around time-shaped tori can even generate extra time dimensions. This indicates that moving objects through space (momentum) and wrapping objects around shapes (wrapping modes) are equally important. Therefore, M-theory shouldn't be confined to a space-time of fixed dimensions or structure.",ai
"In certain large N limits, two 4D strongly coupled superconformal field theories, when on the Higgs branch, transform into a 6D (2,0) theory and (1,1) little string theory. We've identified the states generating the extra dimensions and string winding modes. Using orbifold techniques and string dualities, we've proven this equivalence, and we've also explored M-theory deconstructions.",ai
"We propose a straightforward model for stopping the late-time expansion of extra dimensions. The key idea is that structures called branes, which wrap around extra dimensions (as allowed by string theory), can resist expansion due to their 'winding' properties. Conversely, momentum modes could potentially drive expansion. The balance between these two forces leads to dynamic stabilization. We use a concept called 'democratic wrapping', where all possible wrapping configurations are considered in a given number of extra dimensions. To simplify our study, we assumed a symmetric distribution where the total extra dimensions are",ai
"String theory, a top contender for quantum gravity, suggests our universe has extra hidden dimensions, possibly compact. It also hints at a fundamental length scale where spacetime's smoothness breaks down. Similarly, some theories propose a minimum length in four-dimensional spacetime, acting as a natural cutoff for very small distances. We've unified these seemingly disparate ideas by modifying Kaluza-Klein theory, a framework that combines gravity and electromagnetism, to incorporate a zero-point length, extra dimensions, and string T-duality - the interchangeability of small and large distances in string theory.",ai
"In string gas cosmology, extra dimensions are stabilized by a string gas. In the matter-dominated era, competition between expanding extra dimensions (pushed by matter) and contracting extra dimensions (pulled by the string gas) can cause oscillations and acceleration in our visible dimensions. We tested this theory using supernova data, ensuring the string gas's energy density matches Big Bang Nucleosynthesis constraints. The model fits the Union supernova data well, but poorly fits the ESSENCE data.",ai
"We suggest a model called gauge-string correspondence, linking the SU(3) color group to hidden space-time symmetries (α-symmetries) from extra dimensions in RNS superstring theories. We create gluon vertex operators using 'photon painting', where SU(3) subgroup of α-symmetry generators acts on a regular open string photon, placing the corresponding open string excitations in the adjoint of SU(3). Notably, these massless gluon vertices' operator algebra is complete and exhibits zigzag symmetry, essential for the equivalence between open strings and QCD. Consequently, the scattering",ai
"We examine brane-world models where the brane's tension can change, calculating how this affects a black string's horizon along the extra dimension. We find the black string's four-dimensional geometry on the brane using a minimal geometric deformation method, then add bulk correction terms involving derivatives of the variable tension. Our findings reveal that varying brane tension significantly influences the shape and evolution of the black string horizon along the extra dimension, especially in a near-brane approximation. We apply this to a model inspired by Eötvös branes, where the variable tension is",ai
"We find type IIB string theory vacua that could be tested experimentally. These are Calabi-Yau manifolds compactified to 4 dimensions, fibrated over a 2-dimensional base. The sizes of these spaces are highly unequal, with the base much larger than the fibre. This creates a scenario similar to large extra dimensions, with strings at TeV scales and extra dimensions around 2 microns. We also examine hidden Abelian gauge bosons that mix with the photon and gain mass through the Green-Schwarz mechanism. Our anisotropic compactifications naturally produce these phenomena.",ai
"Inspired by String Theory, models with large extra dimensions lower the Planck scale to energies reachable by current experiments. These models predict new phenomena like TeV-mass black hole production and graviton emission at these energies. Additionally, both String Theory and non-commutative quantum mechanics suggest that the Planck length is the smallest measurable length in nature, acting as a natural cutoff for high-energy processes. In the context of extra dimensions, this minimal length becomes significant at the same energy scale as the lowered Planck scale.",ai
"Incorporating the impact of extra dimensions on cosmic string motion significantly alters gravity wave emission. Additional dimensions smoothen cusps and reduce their formation. Considering these effects, we find that gravity waves from cusps are notably dampened, depending on the number of dimensions.",ai
"We study gravitational waves from kinks on cosmic strings, considering internal extra dimensions. While the signal is weakened, it's less so than from cusps, and kinks are more common, making them a promising target for detecting cosmic strings.",ai
"String theory's approach to gravitational physics is summarized here. It initially addresses the issue of non-renormalizability in gravity. Unlike other theories, string theory is ultraviolet-finite, meaning it doesn't break down at very small scales. It also successfully predicts both gauge theory and fermions. While extra dimensions pose a challenge, they offer solutions too: they can explain the diversity of fermions and help break large symmetries in string theory. A long-standing puzzle, determining the size and shape of extra dimensions, is now being explored, potentially linking to the cosmological constant and the universe's ultimate fate",ai
"In large extra dimension models, upcoming particle colliders could reach energies near the string or Planck scales, where intriguing phenomena like stringy states, p-branes, string balls, and black holes can occur. This study calculates the production rates and identifies the signatures of these objects at future hadronic supercolliders. At energies between the string scale (M_s) and M_s/g_s^2 (where g_s is the string coupling), string balls are predominantly produced. Black holes dominate at energies above M_s/g_s^2. P-brane production is significant only when the p-brane wraps",ai
"If the Large Hadron Collider's (LHC) next run finds extra dimensions in proton-proton ($pp$) collisions at an energy of 14 TeV, it implies that the fundamental string scale ($M_s$) could be around the TeV range. In this case, we'd expect to see Quantum Chromodynamics (QCD) jets produced through two processes at the LHC: string Regge excitations in 2-to-2 partonic collisions, and thermal radiation from string balls at Hagedorn temperature. This paper explores the production of jets from these two string-related processes versus",ai
"In quantum mechanics' path integral approach, Feynman and Hibbs observed that particles move along paths that are continuous but not smooth (nowhere differentiable). We apply this to relativistic strings, finding their ""trajectories"" are fractal surfaces with a Hausdorff dimension of three. This means, at different measurement resolutions, the string's path appears ""fuzzy"" due to an extra dimension. We explain this using a new string-based uncertainty principle and explore the shift from smooth to fractal",ai
"Brane inflation in superstring theory expects cosmic strings, not walls or monopoles, near inflation's end. We explore their creation, types, and changes, contrasting them with strings from an abelian Higgs model. Some string types, as D-branes, decay quickly, while stable ones form with varied tensions. Extra dimensions can decrease interaction rates, boosting the number/energy density of the cosmic string network by about ten times compared to other models.",ai
"We've conducted the first thorough Markov chain Monte Carlo study of cosmic string models evolving over time. We used the unconnected segment model in the unequal-time correlator formalism. For typical cosmic strings, we found joint limits on Lambda cold dark matter (CDM) and string network parameters: string tension Gμ, loop-chopping efficiency c_r, and string wiggliness α. For cosmic superstrings, we determined joint constraints on fundamental string tension Gμ_F, string coupling g_s, self-interaction coefficient c_s, and compact extra dimensions' volume w. This is the most comprehensive CMB",ai
"Recent studies have focused on theories with extra spacetime dimensions. This paper investigates how these dimensions impact cosmology, specifically looking at phase transitions in field theories and transitions in string theory. Key differences arise compared to theories without these extra dimensions. Notably, at high temperatures, phase transitions happen at lower temperatures than in four-dimensional spaces, delaying cosmological phase transitions. We also suggest that if phase transitions occur, they might do so at lower temperatures than typically expected.",ai
"In theories with large extra dimensions, D-branes (hypothetical objects) become key. When the string scale is much smaller than the 4D Planck mass, these branes significantly impact string cosmology. Our findings suggest that inflation in our universe could be driven by these extra dimensions, and ending this inflation (graceful exit) is tied to stabilizing these dimensions. Additionally, we've found that branes can vibrate intensely in curved space, potentially causing a phase of brane-driven inflation. This could also help smooth out initial singularities in the cosmos.",ai
"In theories suggesting our universe is a membrane (brane) within large extra dimensions, new types of defects emerge. These defects form because our brane spontaneously breaks the symmetries of the extra space, giving mass to certain graviphotons. Often, the resulting vacuum has nontrivial properties, leading to topologically stable defects in our four-dimensional world, like cosmic strings and monopoles carrying gravimagnetic flux. Notably, these defects have a unique core structure. Due to the restoration of translation invariance in the extra dimensions within their core, they serve as ""windows"" into these extra dimensions.",ai
"String theory suggests that ""string balls"" - highly energized, long strings - decay into standard particles at high temperatures. If there are extra dimensions, these strings could be produced at the Large Hadron Collider (LHC) at CERN. This paper explores how string balls can produce top quarks at LHC, comparing these results with the standard model's parton fusion process using quantum chromodynamics (pQCD) at the next-to-next-to-leading order (NNLO). The findings show that string balls can produce top quarks comparably to the standard model using pQCD",ai
"In the study of particle collisions, the rate at which the collision areas (cross-sections) increase with energy can be influenced by the number of spatial dimensions. If there are more than the usual three dimensions, but they only manifest at higher energies, this can affect the growth rate in a way that is relatively independent of specific models. We explore how this might happen and connect it to black hole physics and string theory. We also review the known limits on these growth rates (Froissart-Martin bound) and how experimental data on high-energy particle collisions seems to reach these limits at energies up to",ai
"The motion of strings in curved spacetime is explored, applying to both cosmic and fundamental strings. The core formalism for string motion in flat and curved spacetime is detailed, along with key methods for solving the string equations. Notably, the ""null string ansatz"" is highlighted, useful for strong gravitational fields. This formalism is applied to strings moving in 5-dimensional Kaluza-Klein black hole backgrounds with electric and magnetic charge, a recent focus in fundamental string theory. The results reveal insights into how the extra dimension appears to the string.",ai
"In field theory and string theory, discrete symmetries are often converted into continuous ones for study. Some symmetries, like discrete isometries from compactifications, can't be easily converted. We found that even these can be converted in string theory by temporarily adding extra dimensions and a continuous symmetry, then removing the extra dimensions.",ai
"In a 10+2D spacetime, we have a conformal system of a string and a particle. The extra time dimension can be removed by choosing a gauge that reveals SO(10,1) Lorentz symmetry. The effective string theory is 11D supergravity. When compactified on a 2D torus (T^2), it unifies Type IIA, Type IIB, and 11D supergravity, as supported by the finite",ai
"I examine how different mass scales are connected in string theories and M-theory. I explore why large volume compactifications and low string scale are appealing and how they could work. When compactification scales are large, strings appear strongly coupled, unless their tension is close to the compactification scale. However, low-scale strings can be weakly coupled if they have extra-large transverse dimensions (seen through gravity) or if their coupling is extremely small. In the former scenario, gravity's strength is also low, while in the latter, both gravity and",ai
"We analyze the quark-antiquark potential's leading behavior using a modified Nambu-Goto action in curved spacetime with an extra dimension, which could be radial in AdS/CFT, Liouville field in Polyakov's approach, or internal in MQCD. We determine the confinement condition and, if met, calculate the string tension and linear potential correction.",ai
"We examine how extra spacetime dimensions, predicted in certain string theories, impact the Minimal Supersymmetric Standard Model at intermediate masses. We find that these extra dimensions can lower the scale at which grand unification theories emerge, and they naturally explain the varying masses of fermions through power-law corrections in Yukawa couplings. We also suggest that proton decay constraints can potentially be addressed in this scenario, with proton decay amplitudes potentially being cancelled due to new rules arising from these extra dimensions.",ai
"In Grand Unified Theories (GUTs), cosmic strings can cause quarks and leptons to lose their baryon number (a fundamental property) as they move through the string's background. However, in models with extra dimensions, this isn't straightforward as it depends on how protons are stabilized. We propose that cosmic strings in such models can significantly increase baryon number violation if proton decay is suppressed by specific wavefunction localization. We also discuss how defects in the cosmos could mediate baryogenesis. We find at least two scenarios where this could work.",ai
"The discovery of thousands of exoplanets has transformed cosmology, raising hopes of finding life elsewhere. We now wonder which of these planets might support life. While some candidates have been suggested, Earth remains our only confirmed habitable planet, so we measure habitability using Earth as a benchmark. Recent studies propose new habitability metrics using optimization techniques, and machine learning is being explored to classify potentially habitable exoplanets. However, both methods face challenges.",ai
"In the last decade, NASA's Kepler and TESS missions have found many exoplanets, some orbiting two or more stars, adding to our understanding of planetary diversity. Over 150 such exoplanets have been discovered. This study focuses on the habitable zones of planets orbiting two stars (circumbinary planets), considering their orbital paths and dynamically informed habitable zones. The findings suggest that the mass ratio and orbital eccentricity of the two stars significantly influence the stability and potential habitability of these planetary systems.",ai
"Habitability gauges an environment's potential to sustain life, with habitable exoplanets hosting liquid water on their surface. This depends on intricate interplay of planetary, stellar, system, and even galactic factors over the planet's lifespan. This chapter explains how we identify potentially terrestrial exoplanets and refine the habitable zone's definition under various assumptions and conditions. It then introduces a broader framework considering more characteristics and processes, assessing their collective impact.",ai
"In the past decade, space telescopes like Kepler and Hubble have found over 4,000 exoplanets, but most aren't suitable for life. Many potentially habitable ones orbit red dwarf stars and rotate synchronously, meaning one side constantly faces the star while the other stays dark. This leads to extreme temperature differences, making life unlikely.",ai
"We explore the potential for life on theoretical moons around known exoplanets, focusing on large, rocky ones that could retain a substantial atmosphere. Habitability is assessed by calculating the energy input from the star and tidal heating within the moons. We define habitable conditions using the runaway greenhouse and maximum greenhouse limits. For each exoplanet, we simulate various moon and planet parameters using a Monte Carlo method. The moon habitability probability for each planet is then calculated as the proportion of favorable outcomes.",ai
"Exoplanet habitability is often evaluated by comparing a planet's distance from its star to the ""habitable zone,"" where Earth-like planets could have liquid water on their surface. The Kepler space telescope found many planet candidates near this zone, with more expected from missions like K2, TESS, and PLATO. However, validating these candidates requires extensive follow-up observations, making it crucial to prioritize planets for habitability studies using initial transit data. We suggest a method to compare transiting planets' potential to support life, considering transit data, stellar properties, and previously known limits on planetary emitted",ai
"""Most potentially habitable planets in the universe may not show clear signs of life,"" suggests a scientific hypothesis. Even if we find such planets, various scenarios could make detecting life challenging. These include planets that are habitable but empty, or where life exists but leaves no visible traces, or where biological impacts on the atmosphere are indistinguishable from natural processes due to insufficient knowledge.",ai
"Astronomers worldwide are searching for life beyond our Solar System, with hundreds of exoplanets found thanks to technological advancements. To assess these planets' suitability for life, scientists use metrics like the Earth Similarity Index or Planetary Habitability Index. This study uses Genetic Algorithms, an optimization tool inspired by natural selection, to find the best habitability scores using the Cobb-Douglas Habitability Score. The algorithm's effectiveness is proven through comparisons with standard functions and extended to handle multiple objectives.",ai
"The Earth's habitability, based on the standard liquid-water definition, is limited. We reassessed this using energy-balance models, common in climate physics, to evaluate when and where Earth-like planets could support life. We measured habitability using several metrics. Previous habitable zone assessments may have missed crucial climate factors by focusing too much on nearby solar system examples. Our models show that Earth-like planets with varied rotation speeds or land-to-water ratios can have significantly different habitability levels. Additionally, a planet's resilience against runaway ice ages, caused",ai
"Kepler's discovery of 50 potentially habitable exoplanets raises the question of their moon's habitability. Detecting exomoons is possible with Kepler. Unlike exoplanets, their study requires considering factors like illumination from the planet, eclipses, tidal heating, and locking. Using accessible parameters, we've shown how current and near-future technology can assess an exomoon's habitability.",ai
"The discovery of planets orbiting other stars has greatly expanded our understanding of the universe. Initial findings indicate a rich variety of rocky planets, some within the habitable zone. Notably, even our nearest star, Proxima Centauri, has a potentially habitable planet, Proxima b. Future telescopes will allow us to study the atmospheres of these planets, potentially revealing signs of life. By comparing Earth's biosphere and its diversity, we can explore how to detect habitability and life on distant exoplanets. While current telescopes lack this capability, upcoming generations promise to revolutionize our search",ai
"Tides could be vital for the habitability of exoplanets. Around low-mass stars, planets in the habitable zone experience strong tidal forces, potentially causing their orbits to decay and become more circular. This could lead to a planet's spin slowing down and its tilt decreasing, along with significant internal heating. Tides might thus expand or shrink the zone where life could potentially exist, making some traditional habitable zone areas too hot, while other, previously discounted regions could become suitable for life.",ai
Deep oceans on distant planets might be uninhabitable due to high-pressure ices at their base. Recent research shows that adding salts can enable effective chemical transport within these deep ices.,ai
"The article explores the latest advancements in exoplanetary science, focusing on how a planet's interior influences its potential habitability. It emphasizes the significance of interior dynamics and outlines key factors that can impact the suitability of extra-solar planets for life.",ai
"We use a photosynthesis model to assess a potential Proxima Centauri planet's habitability. The planet, within the habitable zone, could support life if organisms can use infrared light for photosynthesis.",ai
"Our research shows that magnetic fields around terrestrial exoplanets and their moons can collaborate to safeguard their early atmospheres. When the moon's magnetic bubble is inside the planet's magnetic cavity, it acts as an extra shield against stellar winds when the moon is on the planet's day side. Moreover, magnetic fields can connect, allowing atmosphere exchange between the planet and moon. When the moon's magnetic field is outside the planet's, it serves as the first defense against harsh stellar winds, reducing the planet's atmospheric loss.",ai
"The concept of a Galactic Habitable Zone (GHZ), where conditions favor complex life, has gained interest due to many exoplanet discoveries and improved understanding of habitability. We explore what ""habitable"" means on vast scales, defining it to evaluate potential life-sustaining astrophysical conditions. We highlight key exoplanet findings that help estimate Earth-sized planets' distribution in our Milky Way galaxy.",ai
"Discovering a truly habitable exoplanet would be a monumental scientific achievement. However, we currently know little about these potentially habitable worlds. Past discoveries have taught us to expect the unexpected. Therefore, versatile observatories and various observation techniques are crucial to study the full range of habitable environments. Here, we discuss the challenges and opportunities of observing planets around different types of stars, M dwarfs and FGK dwarfs, each best targeted with specific methods.",ai
"Astrobiology is a multidisciplinary field merging physics, biology, chemistry, and astronomy. Its goal? Determining if distant planets could support life, and if so, confirming it. Essential habitability factors include Earth-like conditions, but also a planet's mass, atmosphere, and location. To find answers, we apply basic molecular physics and classical mechanics. We've also developed a method for detecting and studying these planets' atmospheres.",ai
"To find planets beyond our solar system that could potentially support life, scientists look for worlds with stable liquid water on their surface, known as habitable exoplanets. Key techniques to study these planets include high contrast imaging and transit spectroscopy, which can detect signs of habitability. Reflections from oceans (glint) and light polarization can directly show surface liquid water, while temperature and pressure data from spectra can confirm its stability. Observing weather patterns and mapping these planets also provide valuable insights into their habitability.",ai
"In our current era, we have the unprecedented chance to find planets similar to Earth around other stars, potentially habitable or even hosting life. Recent space missions by NASA, ESA, and others have provided vast datasets, which can be used to train machine learning models. These models can automate the complex tasks of detecting, identifying, and determining the habitability of exoplanets, saving time and reducing human error. The process begins by studying the light intensity curves of stars.",ai
"As exoplanet detection increases, so does interest in potential extraterrestrial life. Researchers aim to find habitable zones and the likelihood of Earth-like planets within them. Using Eggleton's code, they simulate the evolution of stars up to 4 times the mass of our Sun. They also apply formulas for stellar luminosity and radius, habitable zone boundaries, planet semimajor axis and mass distributions, and the initial mass function of stars. This allows them to determine the luminosity and radius of stars ranging from 0.08 to 4 times our Sun's mass, and calculate their",ai
"Using improved exoplanet data, we've recalculated the average number of Earth-like planets per star (η⊕). We used a model that includes Gaia DR2's planetary radius updates and a distribution of planet multiplicities. We found that 34% of stars have at least one potentially habitable planet, with a 2% margin of error. Additionally, we found that 6.4% of stars have multiple potentially habitable planets, with a 0.5% margin of error.",ai
"Many gas giants found outside our solar system have highly elliptical orbits, suggesting common planetary system instabilities. These instabilities can shift gas giants and even habitable planets out of the habitable zone. We modeled 423 scenarios across 153 hypothetical systems to study this, varying the number, distance, and mass of gas giants, and the type of star.",ai
"We explored the likelihood of discovering Earth-like planets within the habitable zones of 34 nearby sun-like stars (FGK-dwarfs), each hosting a giant planet outside this zone, detected by radial velocity (RV) method. Initially, we simulated the dynamics of these systems in their current states to find the fraction of stable planetary orbits within their habitable zones. We then hypothesized that the giant planet's current eccentricity resulted from past system instability, where one or more planets were ejected. We simulated these scenarios to see if planets originally in the habitable zone could survive such instability. Specifically, we",ai
"This study explores Kepler's most Earth-like exoplanet host stars, using all Kepler data. We calculate rotation periods, activity levels, flaring energies, mass loss rates, age estimates, and X-ray brightness. We also examine how these stars' activity might affect their planets' magnetospheres and potential habitability. Notably, we found powerful 'superflares' in Kepler-438, a star hosting an exoplanet with the highest Earth Similarity Index. Kepler-438b orbits very close to its star, potentially making it vulnerable to atmospheric loss. Our study includes stars",ai
"Recent studies suggest that winds from active galactic nuclei (AGN) could harm exoplanet atmospheres and habitability. However, our research finds that AGN winds have a minor impact compared to stellar winds and a planet's magnetosphere and stellar irradiation. Thus, under generally habitable conditions, AGN winds are unlikely to significantly influence planetary atmospheric evolution.",ai
"Space missions aim to find Earth-like planets outside our solar system. A planet's suitability for life depends not just on sunlight, but also on its atmospheric composition. We've discovered that dust in a planet's atmosphere can greatly influence its habitability. On planets tidally locked to their star, dust can cool the day side and warm the night side, expanding the habitable zone. Regardless of the planet's orbit, dust can delay water loss at the inner edge of this zone by reducing ocean coverage and increasing dust concentration. This dust can also make it harder to detect certain gases that might indicate life.",ai
"Today, we know of many Earth-sized planets in the habitable zone, the range around a star where conditions could allow for liquid water. A key goal in exoplanet research is identifying which of these are truly habitable, having all conditions necessary for life, and which are most Earth-like. Habitability depends on many factors, like the planet's orbit, composition (including volatile compounds and organics), and geological activity. While some properties can soon be directly observed, others remain inaccessible for now. To fill this gap, understanding how planetary systems form and evolve statistically is crucial. This helps us",ai
"Astrophysical observations show that exoplanets vary greatly in size and mass. To understand this diversity and Earth's uniqueness, we need to study their interiors. This is difficult due to limited data and uncertainties, leading to multiple possible models for a single exoplanet. These models try to define the core, mantle, and other layers like ice, ocean, or gas. Understanding these layers can also hint at internal dynamics, but currently, it's challenging to pinpoint these dynamics using structure models.",ai
"Today, we've discovered thousands of exoplanets, some potentially habitable. Upcoming tools like JWST can study exoplanet atmospheres, but they're limited in how many targets they can handle. Thus, we need to rank and choose which exoplanets to study for signs of life. Deciding factors, like whether a planet is dry or water-rich, or locked versus tidally-locked, can be unclear. To address this, we've combined Multi-Criteria Decision-Making with fuzzy logic, using the Fuzzy Reference Ideal Method (FRIM). We've evaluated the",ai
"Scientists look for life on distant planets by studying a phenomenon called the 'red-edge'. This is a rise in reflectivity between visible and near-infrared light. Previous work suggested that planets around certain stars might have this red-edge at longer wavelengths than Earth. A new study explores where this red-edge might be, considering how life forms adapt to light over time. It suggests that early life on these planets might use visible light, both in the ocean and on land. Over time, they might also start using near-infrared light, similar to how Earth's life uses two types of",ai
"We simulate Gliese 581g, the first Earth-sized planet found in a habitable zone around an M star, using 3D atmospheric models. We adjust Earth's parameters to reflect Gliese 581g's larger size and gravity, keeping others unchanged due to lack of data. We study its long-term climate, focusing on temperature and wind patterns near the surface. Habitability depends on if Gliese 581g is tidally-locked and how quickly",ai
"The habitable zone for Earth-like exomoons differs from that of planets. Factors like tidal heating, eclipses, and illumination create both stellar and planetary habitable zones. While the inner edge of the planetary zone is clear, the outer edge can form due to eclipses and ice-albedo feedback, as shown by 1D climate models.",ai
"Our study investigates how variations in a planet's tilt (obliquity) affect its potential habitability in systems with high planet tilts. We find that large, rapid oscillations in obliquity on Earth-like planets can prevent the ice-albedo feedback, expanding the habitable zone. We focus on hypothetical systems with a Sun-like star, an Earth-mass planet at 1 AU, and one or two larger planets. These systems remain stable for at least 100 million years, as confirmed by N-body simulations. We calculate the obliquity changes caused by the Earth-mass planet",ai
"We tested a new activation function, Saha-Bora Activation Function (SBAF), in Artificial Neural Networks (ANN) to categorize exoplanets. Inspired by advanced calculus used in habitability scoring, SBAF shows promising analytical properties without local oscillation issues. Our paper details these properties and the network architecture using SBAF.",ai
"The habitable zone (HZ) is the area around a star where liquid water could exist on a rocky planet's surface. Scientists use this zone to choose potential targets for further study. The traditional HZ definition considers CO2 and H2O as key greenhouse gases for planets orbiting main-sequence stars. While useful, this definition may not fully capture the variety of potentially habitable exoplanets.",ai
"Habitability is the potential for a planet to support life. Can we measure this? Yes, by considering factors like temperature, atmospheric composition, and distance from the star. A ""habitable"" or ""potentially habitable"" planet falls within the ""habitable zone,"" where liquid water could exist. Given the billions of planets in our Galaxy, classifying them, like stars, helps understand their formation and life-suitability. We've found life on one, so why not others? We need a swift evaluation method, like a scoring system, to prioritize planet studies.",ai
"Scientists seek signs of life on other planets by looking for water vapor in their atmospheres. Earth-like planets with liquid water on their surface are prime targets. Recent studies focus on directly imaging these planets using reflected light, with the HabEx and LUVOIR projects being notable examples. To understand how much water vapor these missions could detect, researchers simulated spectra of various water vapor amounts in Earth-like exoplanet atmospheres.",ai
"Astronomers are actively searching for potentially habitable planets outside our solar system, hoping to find signs of life. A key indicator is oxygen in the atmosphere, typically produced by photosynthetic organisms. However, we've discovered a new way oxygen could form on these exoplanets without life. Titanium dioxide (titania), when exposed to certain types of light, can split liquid water molecules, creating oxygen. This process, called photocatalysis, could potentially generate abiotic (non-biological) oxygen on exoplanet surfaces, providing an alternative explanation for oxygen-rich atmospheres.",ai
"To determine if an exoplanet could support life, scientists look at key features like temperature and atmospheric loss. Our study shows that Earth-sized planets in the habitable zone around certain stars (M-dwarfs) may have lower chances of being habitable than Earth. This is due to higher UV radiation and closer proximity to their star. We calculated the likelihood of life for two known exoplanets, Proxima b and TRAPPIST-1e, finding it to be much lower than Earth's.",ai
"Transiting exoplanets have broadened and enriched the exoplanet field, offering insights into their atmospheres and structures. The Kepler mission has discovered many planets, including some smaller than Earth. Its data now reaches into stars' habitable zones, revealing Earth-sized planets within. We focus on Kepler-69c, a potential candidate, providing updated orbital details and a thorough analysis.",ai
"This paper outlines criteria for choosing potential target stars for finding Earth-like planets, focusing on stars' habitability aspects. Future missions will study such planets around nearby F, G, K, and M stars. We must carefully select from hundreds of potential targets to create effective search missions. Using the Darwin All Sky Star Catalogue, we discuss selection criteria, categorized sub-catalogues, and the impact of stellar activity on habitability.",ai
"Exoplanet searches around M dwarfs have found many Earth-like planets. Some may have temperate climates suitable for liquid water. However, models suggest these planets might have too much or too little water, making habitable ones scarce. Our new model, considering water enrichment from atmospheric hydrogen oxidation, shows that habitable, Earth-like planets around M dwarfs could be more common than thought.",ai
"Future space missions like HabEx and LUVOIR will choose target stars to maximize the number of Earth-like exoplanets they can study. Since they aim to detect signs of life (biosignatures), they should also consider how many biosignatures might be found around each star. In this study, we created a way to estimate the relative number of biosignatures for potential target stars, based on a model of what makes a planet habitable and how biosignatures form. We used MESA stellar models to track how the habitable zone changes over time, and tested three simple models",ai
"Scientists have long sought an Earth-like planet outside our solar system, but only recently have we had the technology to find one. In the past few decades, we've discovered hundreds of these exoplanets, fueling hope for an Earth-like discovery soon. We've created a new way to measure a planet's potential habitability and used it to predict when the first Earth-like exoplanet will be found. Analyzing currently known exoplanets, we predict this discovery will be announced in the first half of 2011, with the most likely date being early May 20",ai
"New Method to Estimate Atmospheric Loss on Exoplanets We've developed a simplified method to estimate the radius of a planet's magnetic shield (magnetosphere) around stars ranging from 0.08 to 1.3 times the mass of our Sun. This magnetosphere protects the planet's atmosphere from being stripped away by stellar winds. We've calculated the unprotected surface area for the harshest environments: planets orbiting GKM-type stars and very low-mass stars at the edges of the habitable zone. Using this unprotected surface, we've created a likelihood function to predict",ai
"M dwarfs, the most common stars in our Milky Way galaxy, host many of the known exoplanets. Some of these planets, ranging from smaller than Earth to much larger than Jupiter, orbit within their stars' habitable zones (HZs), where liquid water could potentially exist on their surfaces. While many of these planets might not support life due to harsh conditions, their moons could potentially harbor life for extended periods and are thus interesting targets for further study. This study aims to assess the potential habitability, stability, and detectability of these exomoons. We begin by",ai
"The quest for potentially habitable worlds beyond our Solar System is a captivating scientific endeavor. To justify the significant investment in infrastructure and satisfy public curiosity, we need carefully designed experiments that yield clear insights. So far, most efforts have focused on studying individual planets intensively to assess their suitability for life. However, this approach is complex due to the variety of exoplanets and the limited data available for each.",ai
"We're searching for the best locations to find Earth-like planets (exo-Earths) among known exoplanets. While the impact of a Jupiter-like planet on Earth's habitability is debated, we study 51 systems with at least one such planet. Using computer models, we find stable zones in these systems where an Earth-sized planet could potentially exist. Our research yields 16 promising candidates.",ai
"The abundance of clinical data is driving innovation in healthcare. This includes using medical records and data from health devices, powered by machine learning, particularly deep learning. This combination is transforming healthcare through its secondary use of data.",ai
"Challenge: Traditional machine learning in healthcare struggles with high-dimensional data and capturing time-dependent patterns. It requires manual feature selection and engineering, which is laborious and may miss crucial temporal dependencies. Solution: Deep learning methods have shown promise by automatically learning from raw, high-dimensional healthcare data, capturing complex interactions and temporal patterns. This review explores these advancements.",ai
"In the past ten years, deep learning has rapidly advanced and been applied in various fields, but its use in healthcare, particularly in remote areas, has been limited. A major hurdle is the scarcity of labeled training data in healthcare, due to privacy concerns and limited patient populations. To address this, the dissertation presents methods to apply deep learning in healthcare. Traditionally, diagnosing diabetic retinopathy requires trained eye specialists and costly equipment, making it challenging to provide eye care services in remote areas and prevent avoidable blindness.",ai
"Machine learning (ML) holds great potential in healthcare, but its successful use relies on understanding its development process. We provide a clear, adaptable overview of this process and detail the creation of a deep learning system for detecting aortic aneurysms in CT scans. We hope this information aids other healthcare providers in their ML projects.",ai
"Recent advancements in deep learning have sparked interest in using it to predict medical events from longitudinal healthcare data, with models showing promising accuracy. However, to gain clinicians' trust, models must provide clear explanations for their predictions. Currently, there's a lack of thorough evaluation of these models' explainability, especially in comparing traditional (like XGBoost) and deep learning methods (like LSTM with Attention). Moreover, what's considered a good explanation can vary among clinicians. Our study is among the first to compare the explainability of these two types of models, both overall and for each prediction, using real",ai
"Deep learning models (DNNs) have transformed fields like computer vision and speech recognition, and are now expanding into healthcare. Yet, few studies compare their performance with traditional machine learning models and scoring systems in healthcare. This study compares deep learning models, a machine learning ensemble (Super Learner), and scoring systems (SAPS II, SOFA) on tasks like mortality and length of stay prediction using the public MIMIC-III dataset.",ai
"Opioid Use Disorder (OUD) is a pressing U.S. health issue, annually costing billions in healthcare, lost productivity, and crime. Analyzing longitudinal healthcare data is vital for addressing such real-world issues. We introduce MUPOD, a novel multi-stream transformer model for OUD identification, using real-world longitudinal data. MUPOD simultaneously analyzes multiple healthcare data types like medications and diagnoses, focusing on segments within and across these data streams. Tests on data from 392,492 patients with chronic back pain",ai
"In recent years, machine learning (ML) and deep learning (DL) methods have been widely used in healthcare, demonstrating excellent results in tasks like predicting heart attacks from simple heart signals and assisting in medical image diagnosis. Despite their impressive performance, there are still concerns about their reliability in healthcare, given the sector's complex security and privacy challenges. Recent findings show that ML/DL systems can be manipulated by adversarial attacks. This paper explores various healthcare applications that use ML/DL, focusing on their security and privacy aspects and the challenges they face.",ai
"Problem: Online health communities offer many intervention choices, overwhelming users who lack experience or knowledge, potentially decreasing engagement. Solution: This study presents a recommendation system designed to help users choose healthcare interventions effectively. This system, based on the 'multi-armed bandit' (MAB) model, adapts to users' changing preferences and offers diverse recommendations. This approach aims to enhance user engagement and health management.",ai
"Deep learning is transforming fields like healthcare, transport, finance, and science, but it's often hard to understand how these models make decisions, a problem known as the ""black box"" issue. This is particularly important in human-centric areas like healthcare, where understanding the reasoning behind critical decisions can be life-saving. Most interpretability research has focused on image processing, while less attention has been paid to understanding deep learning models that process sequences, like time-series data.",ai
"In healthcare, using automated decision aids requires human oversight to build trust and ensure patient-specific reliability. While deep learning methods excel, they lack the ability to represent uncertainty, hindering patient-centered care. We introduce a system that represents uncertainty in medical image segmentation using MCU-Net, a U-Net combined with Monte Carlo Dropout, and four different uncertainty metrics. This system also includes a human-in-the-loop feature, automatically referring uncertain cases to medical professionals based on an uncertainty threshold. Our results show that MCU-Net, when combined with epistemic uncertainty and a tuned uncertainty threshold, optimizes automated performance across",ai
"Deep learning aids in ECG arrhythmia classification, but faces challenges due to data scarcity, privacy concerns, and lack of explainability. Our paper introduces an explainable AI model to address these issues.",ai
"In healthcare, where trust is paramount, creating reliable AI models is vital, especially during crises like COVID-19. Previous AI models for COVID-19 diagnosis, using convolutional neural networks (CNNs), often err on the side of caution or overconfidence, making them less trustworthy. This study introduces a new approach using Vision Transformers, which employ an attention-based mechanism. We test these Transformers as a backbone architecture for medical imaging, focusing on COVID-19 chest radiograph classification. We assess if the Transformers' architectural advancements truly enhance their generalization capabilities and trustworth",ai
"""To use deep learning in healthcare, we first need to convert medical codes (like diagnosis and drug codes) into understandable, continuous data points. Early efforts used word2vec-like algorithms on electronic health records or medical claims. Our approach, however, uses graph-based methods on SNOMED-CT, a comprehensive healthcare knowledge graph. We then compare the performance of different embedding techniques.""",ai
"This article aims to bridge the gap between deep learning and epidemiology. While deep learning is increasingly used in medicine, few epidemiologists are trained in these methods. Here, we introduce key concepts in machine learning, like overfitting and regularization, and explain fundamental deep learning models like convolutional and recurrent neural networks. We also guide readers through model training, evaluation, and deployment. Our goal is to empower epidemiologists to understand and critically evaluate medical applications of deep learning, fostering dialogue with computer scientists to enhance the safety and effectiveness of these technologies",ai
"The popularity of Electronic Health Records (EHRs) and Data-Driven Healthcare (DDH) has sparked significant interest. Recent advancements in deep learning are transforming healthcare, but they often require large amounts of labeled data. To address this, we present a general deep learning framework that enhances risk prediction even with limited EHR data. Our method uses a modified generative adversarial network, ehrGAN, to create realistic, labeled EHR data, effectively increasing the training dataset in a semi-supervised manner. This generative model is then combined with a classifier for improved predictions.",ai
"Deep learning is promising for medical image analysis but lacks explainability, which hinders its use in healthcare. To build trust, we need methods to explain how these models work. This study tested techniques that help understand how deep neural networks analyze medical images. We used a method called adaptive path-based gradient integration to explain predictions from brain tumor MRI and COVID-19 chest X-ray datasets, made by recent deep convolutional neural network models. This technique highlighted potential biomarkers, exposed model biases, and provided insights into how inputs relate to predictions. Our findings show that this method can help explain model reasoning on these datasets",ai
"The rapid expansion of Electronic Healthcare Records (EHR) presents opportunities and urgent needs for finding meaningful data-driven patterns of diseases in Computational Phenotyping research. While Deep Learning models excel in prediction tasks, they lack interpretability, which is vital for clinicians making decisions. This paper introduces ""Interpretable Mimic Learning,"" a new knowledge-distillation method that learns interpretable disease features while matching the performance of complex Deep Learning models. Our approach uses Gradient Boosting Trees to interpret features from models like Stacked Denoising Autoencoders and Long Short-Term Memory networks. Tests on real-world clinical",ai
"Deep reinforcement learning combines reinforcement learning with deep learning (neural networks). It's shown success in areas like finance, health, gaming, robotics, and computer vision. This review focuses on recent deep reinforcement learning advancements in computer vision. We start by explaining deep learning, reinforcement learning, and their combination. We then categorize deep reinforcement learning methods used in computer vision into seven groups, discussing each's strengths and weaknesses. These categories are: (1) finding specific points (landmarks) in images, (2) identifying objects, (3) tracking moving objects, (4",ai
"The Internet of Things (IoT) has promising medical uses, like gathering vast health data. But, privacy concerns isolate this data, and limited power of wearable devices hinders traditional data-sharing methods. Our solution involves dividing a deep learning model between IoT devices and a strong central server. The server does most calculations, and a technique called sparsification reduces the data sent between them. Tests show this works well.",ai
"Challenge: Limited labeled data hinders deep learning progress in healthcare due to small sample sizes, privacy concerns, and collaborative study difficulties. Solution: Distributed machine learning, specifically 'split learning', can address these issues. First application in medicine: We compare split learning to traditional single and multi-center approaches using two tasks: classifying 9000 fundus photos (binary) and multi-label classification on another dataset. Comparison: (1) Centralized hosting, (2) Non-collaborative methods.",ai
"Emerging hardware like DL accelerators and neuromorphic processors enable edge computing in healthcare, benefiting IoT and PoC devices. We guide readers to build efficient DL accelerators using memristive devices, FPGAs, and CMOS for healthcare tasks like diagnosis and signal processing. Additionally, we show how spiking neuromorphic processors can enhance biomedical signal processing when used alongside DL systems.",ai
"Recent healthcare data releases have boosted deep learning model research. However, these ""black box"" models' opacity raises concerns about interpretability, fairness, and biases in life-critical healthcare. This study focuses on MIMIC-IV, the largest public healthcare dataset, to analyze dataset bias and interpretability/fairness of deep learning models predicting in-hospital mortality. Our key finding is that the best interpretability method accurately highlights crucial features.",ai
"Deep learning models excel in predicting health outcomes using vast Electronic Health Records (EHR), but their opacity hinders trust in real-world healthcare decisions. To address this, we propose a model based on Bayesian Neural Networks (BNN) that quantifies uncertainty caused by data noise, providing more reliable predictions. Our tests reveal that uncertain instances negatively impact model performance. Additionally, analyzing prediction and uncertainty distributions allows us to pinpoint at-risk patient groups.",ai
"Advances in deep learning, IoT, and cloud computing have spurred interest in mobile healthcare systems. However, most deep learning models require substantial computational resources, making them unsuitable for resource-constrained mobile and IoT devices. Thus, many mobile healthcare systems rely on cloud computing, sending collected data to cloud platforms for analysis. Yet, in challenging environments, cloud reliance may be impractical, like during satellite communication disruptions. We introduce SAIA, a Split Artificial Intelligence Architecture, which addresses this by processing data locally on mobile and IoT devices before sending a reduced dataset to the cloud, making",ai
"Deep learning models excel in tasks like image recognition and speech processing, but using them with electronic health records (EHR) data presents unique privacy challenges. To address this, researchers are focusing on creating realistic, yet private, synthetic data. Here, we introduce CorGAN, a novel framework using Convolutional Neural Networks (CNNs) to capture correlations between nearby medical features in the data. CorGAN combines Convolutional Generative Adversarial Networks (GANs) and Convolutional Autoencoders (CAE) to generate synthetic healthcare records. We show that CorGAN produces",ai
"New technologies and economics have reshaped healthcare, favoring personalized, IoT-connected services. AI/ML algorithms power these services, enhancing traditional healthcare's efficiency. However, current personalization is limited to specific settings, ignoring interconnected health conditions, which can lead to inaccurate diagnoses and harm long-term patient health. To address this, Healthcare 5.0 has emerged, aiming to create self-managing healthcare that considers the combined impact of various health factors.",ai
"In biomedicine, finding connections between treatments and health issues is crucial. This aids in tasks like aiding decisions, monitoring safety, and discovering new treatments. We suggest a deep learning method that uses both word and sentence-level data to identify these connections. However, deep learning requires lots of data. For classes with few samples, we use a rule-based system. Finally, we combine results from both methods. Our approach showed good results on the I2b2 2010 relation extraction task.",ai
"In fields like healthcare and finance, high-dimensional time series data often have missing values, and these datasets are becoming increasingly complex. This prompts the question: can deep learning surpass traditional data filling methods? While deep learning shows promise, it currently struggles with providing reliable uncertainty estimates and is difficult to interpret. To address this, we introduce a new deep learning model for dimensionality reduction and data imputation. Our model assumes that the high-dimensional time series has a lower-dimensional, smoothly evolving representation following a Gaussian process. We achieve non-linear dimensionality reduction with missing data using a Variational Autoencoder (VAE)",ai
"Predicting health events accurately is vital for healthcare providers to create patient care plans. Electronic health records (EHR) have enabled machine learning to make these predictions. However, many current methods using deep learning struggle with three key issues: effectively using disease knowledge, learning patient and disease representations together, and incorporating unstructured text data. To solve these, we suggest a collaborative graph learning model that explores patient-disease interactions and uses medical domain knowledge. This model captures the structure of both patients and diseases, and it uses an attention regulation strategy to handle unstructured text data, integrating text features into its predictions.",ai
"Advances in tech have turned traditional healthcare into smart healthcare using IoMT devices. However, AI's centralized training method raises privacy concerns, especially with mobile and wearable devices. These devices share sensitive information that could be exposed to threats. Federated Learning (FL), a decentralized AI approach, offers privacy solutions. Unlike traditional AI, FL doesn't access users' data, only sharing gradients during training. This makes it ideal for IoMT privacy.",ai
"Survival analysis, a complex form of regression modeling, often faces censoring issues in medical studies, where patient outcomes may not be fully known due to factors like lost follow-ups. Cox regression models are widely used in such cases. We introduce a novel approach using mixtures of Cox regressions to model individual survival patterns. Our method employs an efficient approximation to the Expectation Maximization algorithm, assigning patients to groups and calculating hazard ratios within each group.",ai
"PyHealth, an open-source Python toolbox, addresses limited reproducibility in healthcare AI research. It offers data preprocessing, predictive modeling, and evaluation modules, enabling computer science researchers and healthcare data scientists to create complex machine learning pipelines on healthcare datasets more easily.",ai
"Class imbalance can negatively impact the performance of predictive models in supervised learning. Traditional methods to balance classes include oversampling exact copies, adding noise, or interpolating between neighbors (like SMOTE). However, oversampling tabular data, common in computer vision, can be achieved using deep generative models, which excel at capturing complex data distributions. In healthcare, synthetic patient data can improve interoperability while preserving privacy. This study assesses the capability of synthetic data generators to create realistic electronic health records.",ai
"Background & Purpose:** Recently, neural networks have significantly advanced computer-aided breast cancer diagnosis. However, this technology is yet to be widely used in Contrast Enhanced Spectral Mammography (CESM), due to challenges in accessing large databases. This study introduces a deep learning-based Computer-Aided Diagnostic (CAD) system for CESM images, designed to detect lesions and classify cases. Method: A large dataset containing CESM images with confirmed lesions was gathered from multiple hospitals and different equipment. The annotated data was divided for training (55%), validation (15%), and testing (3",ai
"Deep learning models excel in clinical predictions but struggle with explainability. Current methods use post-hoc explanations and raw data, which can be hard for clinicians to understand. We developed a new model that explains itself using clinically relevant features. It generates both explanations and predictions together, making it more understandable for healthcare providers. We tested this approach on a public electronic health record dataset. (121 words)",ai
"Challenges in Healthcare Deep Learning: Deep learning excels in healthcare prediction tasks, yet it faces two key hurdles: 1) Data Scarcity: Often, healthcare datasets are too small for deep learning to perform well. 2) Interpretation: Deep learning models' learned representations should align with medical knowledge. Our Solution - GRAM: We introduce GRAM, a model using electronic health records (EHR) and medical ontologies. GRAM combines a medical concept's ancestors in the ontology, using an attention mechanism based on data volume and ontology structure.",ai
YouTube offers a unique chance to study if machine learning can enhance healthcare info sharing. We suggest combining machine learning with healthcare informatics to create a scalable method to assess health-related YouTube videos. We've developed a deep learning approach to gauge medical knowledge in these videos. Early results show promise in extracting and categorizing videos based on their medical content.,ai
"Reinforcement Learning (RL) in healthcare can guide treatment decisions, but it needs to generalize well across complex situations. To avoid overfitting when using tools like deep neural networks, we need to pick the best model. However, testing this usually involves running the policy in the real world, which isn't always possible in healthcare. Instead, our study explores a model selection process for offline RL that uses 'off-policy evaluation' (OPE) as a substitute for real-world testing. We examine common OPE methods, noting their extra parameters and computational needs when ranking models.",ai
"Problem: Healthcare fraud, like unnecessary treatments, costs insurers. Traditional detection methods are manual and slow, while machine learning models require expensive, outdated labeled data. Solution: We suggest an unsupervised machine learning model for automated fraud detection. It uses two deep learning techniques: a Long Short-Term Memory (LSTM) neural network to predict a patient's next visit, and a sequence-to-sequence (seq2seq) model for anomaly detection. These methods normalize and identify unusual billing",ai
"Summary of Advances in Deep Reinforcement Learning (RL): We highlight recent breakthroughs in deep reinforcement learning. We cover six key components, six crucial mechanisms, and twelve use cases. Starting with the basics of machine learning, deep learning, and reinforcement learning, we delve into core RL elements: value function (Deep Q-Network), policy, reward, model, planning, and exploration. Next, we explore significant mechanisms like attention, memory, unsupervised learning, transfer learning, multi-agent RL, hierarchical RL, and meta-learning. Finally, we discuss diverse applications such",ai
"Problem: Survival analysis, crucial in healthcare, often relies on centralized patient data, which is now restricted due to privacy laws and sensitive patient attributes. Solution: To overcome this, researchers are exploring Federated Learning (FL), a decentralized approach where models, not data, are shared. This paper investigates using FL for survival analysis on distributed healthcare datasets. Notably, recent work has adapted the popular Cox proportional hazard models for FL settings.",ai
"Machine learning models need large, varied datasets, but relying on centralized data aggregators can compromise privacy, especially in sensitive fields like healthcare and finance. New methods like trusted hardware enclaves and differential privacy allow parties to train models together without exposing data. We present Myelin, a deep learning framework using these privacy techniques, setting a baseline for fully private machine learning.",ai
"Joint models for longitudinal and time-to-event data are widely used in longitudinal studies to predict disease progression over time. However, these models have limitations due to fixed model structures and computational challenges with large datasets. Here, we introduce a deep learning method to overcome these issues. This approach combines the adaptability and efficiency of deep neural networks with the benefits of joint modeling. We tested our method on real-world medical data and found it improved performance and scalability, and was robust with irregularly sampled data.",ai
"Human motion analysis is vital in fields like HCI, VR, and healthcare. Deep learning has excelled in real-time pose tracking. However, models often struggle to adapt to new subjects due to limited, specialized datasets, especially in healthcare. Collecting such datasets is laborious, complex, and costly. Therefore, generating synthetic motion data is essential.",ai
"The rising prevalence of chronic diseases and recent pandemics are putting significant strain on healthcare costs and mortality rates. To address this, healthcare systems need to evolve from traditional one-on-one patient care to intelligent systems that enhance services, accessibility, and scalability while reducing costs. Reinforcement Learning (RL), which has shown remarkable progress in tackling complex problems, offers a promising avenue. This paper provides a comprehensive review of recent RL models and techniques applied in intelligent healthcare systems, aiming to help readers understand the current state-of-the-art in using RL for healthcare.",ai
"In deep learning, analyzing large datasets and getting accurate predictions is crucial. We've created methods for making predictions using deep neural networks in datasets like gene expression data. Unlike common deep learning methods, ours not only matches the best accuracy but also explains predictions and estimates uncertainty. We use Quantile Regression to predict full conditional quantiles for a set of housekeeping genes. These quantiles provide detailed insights and are robust to measurement errors. Our technique is especially important in High-throughput Genomics, which is revolutionizing personalized health.",ai
"Goal: Survival analysis in healthcare estimates patient event probabilities, like death in intensive care units (ICUs). Recent deep neural network (DNN) advancements outperform traditional models in this field. However, DNNs can act like ""black boxes,"" making their predictions difficult to trust, especially when they contradict clinical opinions. To address this, we introduce a novel DNN model that explains its decision-making process, aiming to build clinician trust.",ai
"Deep learning (DL), though advancing in IoT, is still nascent in m-Health due to high computational demands and resource limitations of wearables. This paper presents initial results of two DL architectures for sleep pattern diagnosis and analysis, compared to a previous hand-crafted algorithm. These algorithms are designed for reliability in consumer healthcare and compatibility with low-power wearables.",ai
"Deep learning models excel in predictive healthcare tasks using electronic health records (EHR) but need large datasets often unavailable in healthcare systems. While external resources like medical ontologies can help, they may not be useful due to inconsistent terminology. To tackle data scarcity, we use EHR's inherent multi-level structure and relationships among medical codes. Our solution, Multilevel Medical Embedding (MiME), learns embeddings at multiple levels, improving predictive performance with less data.",ai
"This study presents a new method that combines scheduling control in a flexible robot manufacturing cell with curiosity-driven reinforcement learning. While reinforcement learning has shown great success in tasks like robotics and scheduling, it often requires manual tuning of rewards, even when the solution is unclear. To address this, we use a curiosity-based reinforcement learning approach, utilizing intrinsic motivation as a reward, in a flexible robot manufacturing cell. Additionally, the learning agents are integrated into transportation robots, allowing for a generalized learning solution adaptable to diverse environments. In the first approach, we apply curiosity-based reinforcement learning to...",ai
"Reinforcement learning, a promising method for creating adaptive robotic solutions, faces challenges when applied to real-world robots due to unreliability and complexity. This has hindered its use in research. A major issue is the lack of guidelines for setting up learning tasks with robots. In this study, we created a learning task using a UR5 robotic arm to identify and examine key elements of task setup and their impact on these challenges. Our findings show that the learning performance can be greatly affected by the setup, highlighting the importance of careful consideration and accurate inclusion",ai
"Reinforcement learning (RL) is a prominent field with many robotics applications, including the RoboCup competition. A challenge is the vast number of training samples needed, so simulators are often used first (sim-to-real transfer). This paper presents an open-source simulator for two RoboCup leagues, optimized for RL experiments. It also introduces a method to create OpenAI Gym environments for custom tasks.",ai
Challenge: Robotics struggles with complex behaviors. Solution: Reinforcement Learning (RL) provides tools and a structure to tackle this. Benefit: Robotics offers real-world tests and evaluation for RL advancements. Goal: This review connects robotics and RL research by focusing on RL's application in robot locomotion and control. It highlights successes and challenges in using RL in robotics.,ai
"Deep Reinforcement Learning (DRL) is a robust control method for robots. Unlike traditional control theory, DRL explores environments more thoroughly, enabling robots to exhibit more human-like behaviors and intelligence. To study this, we created complex tasks and observed the robots' strategies. Remarkably, robots not only completed tasks but also showed creativity in finding non-obvious solutions. They also persisted in near-success tasks, demonstrating a keen ability to decide whether to continue or quit.",ai
"In a crowded public space, a team of robots guards a VIP. Deep reinforcement learning teaches them their protective duties. To balance conflicting goals, we test various reward functions, simple and complex, to observe their effect on the robots' behavior.",ai
"Robots are becoming more common in homes, handling various tasks. In the future, they'll tackle more complex tasks, needing to learn quickly. A promising method is interactive feedback, where a trainer guides a robot's actions in specific situations to hasten learning. Deep reinforcement learning, widely used in robotics, enables autonomous skill acquisition. However, a challenge is the long learning time when using raw input images.",ai
"Deep Reinforcement Learning (DRL) combines reinforcement learning with deep neural networks, enabling it to tackle complex tasks. Recent studies show its success in diverse fields like finance, medicine, robotics, and computer vision. This review focuses on DRL's latest advancements in computer vision. We begin by explaining deep learning, reinforcement learning, and DRL. Then, we categorize DRL methods and discuss their benefits.",ai
"Deep learning, a game-changer in data handling and analysis, often matches or exceeds human expertise. Reinforcement learning, another AI subset, learns optimal behaviors through environmental interaction. Combining these two fields addresses complex, high-dimensional data tasks with sparse rewards, like robotic control, which each method struggles with alone. This paper explores recent advancements in deep reinforcement learning algorithms for such challenging applications.",ai
"This paper introduces a new motion and trajectory planning method for nonholonomic robots using recent deep reinforcement learning advancements. Starting from a random initial state (position, velocity, orientation), the robot moves to an arbitrary target, considering both kinematic and dynamic constraints. The deep reinforcement learning agent processes continuous states and actions (wheel acceleration, steering angle adaptation). The method was tested on a simulated differential-drive mobile robot.",ai
"Problem: Making robots share and use past experiences to adapt swiftly to new environments. We introduce ""Lifelong Federated Reinforcement Learning"" (LFRL), a learning system for robots navigating in cloud-based networks. LFRL includes a method to combine and upgrade shared models stored on the cloud, and effective ways to apply past learning to new tasks. This approach aligns with human learning principles and works well in cloud robotics. Tests show LFRL significantly speeds up robots learning to navigate, and it successfully merges prior knowledge from different robots.",ai
"Recent progress in unsupervised learning boosted Reinforcement Learning's efficiency in simulations, but real-world robots lag behind. Our method, CoDER, uses data augmentation and unsupervised learning to train real-robot arm policies efficiently from limited rewards.",ai
"Drones are increasingly common due to industrial growth. Recent advancements in deep reinforcement learning (DRL), which excelled in games, motivate us to apply these algorithms to robotics. Inspired by OpenAI Gym's LunarLander, we're pioneering DRL for drone control. However, current robot control simulations aren't ideal for DRL training, as they're mainly used for traditional algorithm verification.",ai
"This review explores the use of reinforcement learning (RL) in social robotics. RL is a decision-making process where an agent learns through trial-and-error interactions with its environment to find the best behavior. Given the interactive nature of both RL and social robotics, RL is well-suited for real-world human-robot interactions. The review focuses on studies involving social robots and real-world human interactions. It provides a comprehensive analysis of RL approaches in social robotics, categorizing them based on the method used and the design of reward mechanisms. Additionally, it highlights the",ai
"We present the first use of reinforcement learning (RL) with robots equipped with event cameras, which offer lower latency than standard cameras, enabling faster robot control. We introduced an image-like feature to handle event streams and showed that an agent can be trained in a simulator for tasks like fast collision avoidance and obstacle tracking. We then transferred this trained agent to a real-world robot with an event camera, successfully demonstrating fast avoidance of randomly thrown objects. This integration of event cameras in RL opens new avenues for robotics.",ai
"Animals excel at adapting movement to diverse terrains and tasks. Robots trained via reinforcement learning usually excel at one task but struggle with others. We show that a meta-reinforcement learning approach enables a robot to master many locomotion tasks, matching the performance of a single-task trained robot.",ai
"Problem: Legged robots trained by deep reinforcement learning (DRL) can be vulnerable to attacks on their joint actuators, impacting safety and reliability. Finding: Small, strategic changes to torque control signals can decrease rewards and cause walking instability. Method: We developed black-box adversarial attacks, which don't require access to the robot's neural networks.",ai
"Combining reinforcement and imitation learning is a key challenge in robotics. Reinforcement learning (RL) optimizes actions for maximum rewards, while imitation learning (IL) learns from expert demonstrations. Despite their drawbacks, methods merging both are explored, but many lack strong theory. We introduce a novel, theory-based approach called 'Plan by Inference' that extends probabilistic generative models for RL, integrating it with IL.",ai
"In crowded spaces, robots need to move effectively and consider social norms, a challenging task. Current deep reinforcement learning methods show promise in learning cooperative behaviors, but their performance declines in larger crowds as they often simplify interactions to just Human-Robot encounters. This work aims to model Crowd-Robot Interaction (CRI) more explicitly, moving beyond simple Human-Robot interaction. We propose two key advancements: (1) using a self-attention mechanism to rethink pairwise interactions, and (2) integrating Human-Robot and Human-Human interactions in our deep reinforcement learning model. This",ai
"Recent progress in offline reinforcement learning (RL) has shown encouraging results in learning from pre-collected data, demonstrating its importance in model-free policy learning. An offline RL algorithm can improve upon the performance of the agent that collected the data, even if that agent was suboptimal. This is particularly relevant in robotics, where existing automation is already generating operational data. While offline learning can leverage data from suboptimal agents, there's still room to enhance the sample efficiency of current algorithms by incorporating human demonstration data strategically during training.",ai
"Reinforcement Learning (RL) is a method for AI to tackle complex tasks. It's gained recent traction, solving intricate games and robotic tasks. The RL community's use of shared, open-source simulators like OpenAI's Gym has accelerated progress. This paper aims to contribute to this advancement.",ai
"Recent advancements in model-free reinforcement learning have shown promise in tackling complex tasks by learning from extensive environmental interactions. However, applying this to robotics is challenging due to the high cost of real-world interactions and the risk of overfitting with limited experience. We introduce a method for a mobile robot to navigate to a fixed goal in a known environment. The robot uses an interactive world model created from a single environment traversal, a pre-trained visual feature encoder, and random environmental changes to achieve successful zero-shot transfer under real",ai
"Current deep reinforcement learning (DRL) focuses on closing the gap between simulation and reality, improving sample efficiency in multi-agent settings, and enhancing robustness against adversaries. This study explores how multi-agent reinforcement learning (MARL) can apply these advancements to real-world multi-robot systems, where robots may have varied capabilities due to differences in sensing, mechanical errors, or accuracy.",ai
"Reinforcement learning (RL) helps robots learn skills through experience but needs substantial online data, making it hard to achieve diverse learning. Human videos, though abundant and varied, pose challenges: no action annotations and significant visual differences from robots' perspective. This paper asks: can we use human videos directly for RL? Our solution, Reinforcement Learning with Videos (RLV), learns a policy and value function despite these challenges.",ai
"Reinforcement learning could enable robots to learn various skills independently, but current methods often rely on human input to speed up learning, using pre-defined policies or demonstration data. Deep reinforcement learning, which trains flexible neural network policies, has been limited to simulations and simple tasks due to its high sample complexity. This paper shows that a recent deep reinforcement learning method, using off-policy training of deep Q-functions, can handle complex 3D manipulation tasks.",ai
"Problem: Manage multiple robots to efficiently sample an area, given a limited endurance. Solution: We introduce MARLAS, a robust, scalable method using Multi-Agent Reinforcement Learning for cooperative adaptive sampling of slow-changing environments. Given an initial field estimate, MARLAS learns decentralized robot policies to sample high-utility regions within a fixed budget. To avoid overlapping paths, robots coordinate by incorporating neighbor position estimates and intermittent communication into their learning process. We tested MARLAS using several performance metrics.",ai
"In real-world scenarios, robots should learn multiple tasks sequentially, based on user needs and current conditions, rather than all at once. Our study focuses on this practical, step-by-step learning process for robots. We've developed a method that uses data and skills learned from previous tasks to continuously expand the robot's capabilities. In our robot manipulation simulations, this approach requires less than half the data compared to learning each task from scratch, without needing impractical simultaneous data collection from all tasks.",ai
"Revolutionizing AI, deep reinforcement learning (DRL) is set to enable autonomous systems to better understand visual data. DRL combines deep learning with reinforcement learning, scaling solutions to previously complex tasks like learning to play video games from pixels. It's also applied in robotics, teaching robots control policies from real-world camera inputs. This survey begins by introducing reinforcement learning, then explores key DRL methods: value-based and policy-based approaches. Central algorithms like deep Q-networks and trust region policy optimization are discussed.",ai
"Reinforcement learning, a method for solving decision-making tasks, has seen significant advancements with the growth of deep neural networks. While it shows promise in areas like robotics and gaming, it faces challenges that transfer learning aims to address. This involves leveraging external knowledge to improve learning efficiency and effectiveness. This review explores recent progress in transfer learning for deep reinforcement learning. We categorize and analyze current methods, examining their goals, techniques, compatible reinforcement learning models, and practical uses.",ai
"DeepSim: A Python-based toolkit for ROS and Gazebo, bridging robotics and machine learning. It lets researchers create complex tasks in simulation, offering advanced features like collision detection and domain randomization. DeepSim aims to unite robotics and machine learning communities. This paper details its components and design choices.",ai
"Multiple robots navigating together in changing environments is complex. We use deep reinforcement learning to teach them a simple, adaptable strategy: directly turning sensor data into movement commands. This training happens in varied settings to help the robots generalize. We test this strategy in common scenarios like switching places, crossing intersections, and squeezing through bottlenecks. The robots can then escape dead ends and handle complex environments.",ai
"Surgical robots, used in recent decades, offer surgeons and patients significant benefits, including reduced recovery time and hospital stay. Currently, surgeons fully control these robots via teleoperation, but this involves repetitive tasks that can cause surgeon fatigue. This study introduces a semi-autonomous control system using deep reinforcement learning. User tests showed it can reduce surgery completion time by 19.1% and travel length by 58.7%.",ai
"Recent advancements in robotics and AI have enabled large-scale multi-robot systems, beneficial for tasks like manufacturing, disaster relief, and delivery. The field uses multi-agent reinforcement learning (MARL) for efficient control. This review explores the current state of distributed MARL for multi-robot teamwork. Large robot teams face issues like changing conditions and limited information. Recent MARL methods tackle this with decentralized control and centralized planning, along with techniques like independent learning, value decomposition, and communication learning. These approaches have shown successful cooperation in AI tests and real",ai
"Mobile robots, crucial in logistics, often use conservative navigation methods. Deep reinforcement learning (DRL) offers a more flexible alternative, but it struggles with long-range navigation due to local minima and short-term memory issues, limiting its industrial use. This study introduces a hybrid navigation system that combines DRL local planners with conventional methods for long-range navigation. The system was tested and outperformed traditional planners, demonstrating improved performance in complex industrial environments.",ai
"Hippocampal reverse replay aids learning, especially in reinforcement tasks. We've enhanced a previous model of the hippocampal-striatal network, which uses a three-factor reinforcement learning rule. We added a new policy gradient learning rule that links place cell activity to action cell responses during reverse replay. We tested this in a simulated robot maze task, finding that reverse replay speeds up reinforcement learning and enhances stability.",ai
"We introduce a new system for Deep Reinforcement Learning (DRL) in modular robots. It builds on established robotic tools, enhancing current DRL methods for direct training from joint states. Additionally, we present a new method to apply these DRL techniques to real robots, bridging the gap between simulation and reality. Our tests show that top DRL methods work well for continuous actions in modular robots, both in simulation and reality. We found that speeding up simulation time doesn't impact the robot's performance. Notably, increasing the robot's degrees of freedom from 3 to 4 doesn't hinder learning",ai
"We've developed a quick prototyping method for robot shapes and controllers, focusing on real-world interactions. Unlike simulations, we emphasize the importance of form, function, and environmental interplay. Our approach combines rapid manufacturing (laminate robots) and efficient learning algorithms (reinforcement learning). We tested this on a low-cost crawling robot with changeable fins, inspired by sea turtle movement. The robot learned to navigate both artificial and natural environments using both bio-mimicked and original fin designs.",ai
"PyRep is a toolkit for robot learning research, built on V-REP. It's been modified for robot learning, offering three key improvements: a user-friendly API for robot control, a new rendering engine, and a significant speed boost (up to 10,000x faster than the old Python Remote API). These enhancements make PyRep an ideal tool for quickly testing and developing learning algorithms in areas like reinforcement learning, imitation learning, state estimation, mapping, and computer vision.",ai
"""Unlike rigid robots, complex robots like soft or continuum robots present unique physical challenges in reinforcement learning. Current methods require substantial data and cannot directly apply to real-world robots without prior simulations. This paper introduces an efficient, data-saving reinforcement learning approach that doesn't rely on explicit prior knowledge. We validate this method through simulations and real-world tests. Our approach enables a tendon-driven robot to actively track targets and maintain distance, making it useful in minimally invasive procedures."" (103 words)",ai
"Deep reinforcement learning empowers algorithms to learn intricate behaviors, handle continuous actions, and strategize in high-dimensional state spaces. To assess recent advancements, we chose a simple robotic task. We combined two standard reinforcement learning methods and tested if this blend learns better than a baseline. Additionally, we compared various data preprocessing techniques before feeding information to the learning algorithm, aiming to enhance performance.",ai
"In recent years, there's been a surge in research from control and reinforcement learning fields on safe learning methods for real-world robot use. This article offers a comprehensive overview of these advances, focusing on merging control theory and reinforcement learning languages and frameworks. It covers approaches that safely enhance performance by learning uncertain dynamics, reinforcement learning methods promoting safety or robustness, and techniques formally verifying learned control policy safety. As data-driven robot control methods grow popular, understanding these safety-focused techniques becomes crucial.",ai
"A novel robot, the quantum robot, combines quantum theory and robotics. It's a complex quantum system, consisting of multiple quantum computing units, a quantum controller/actuator, and information gatherers. For this system, algorithms like quantum search and quantum reinforcement learning are developed. Theoretically, quantum robots can reduce complexity from O(N^2) to O(N^(3/2)) using quantum search, and simulations show they learn more efficiently using quantum reinforcement learning. These advantages make quantum robots promising for future applications.",ai
"In this study, we examine a scenario where robot bodyguards shield a VIP in a bustling crowd. We find that interactions are complex: VIP-robot, robot-robot, and robot-bystander. We demonstrate that recent multi-agent reinforcement learning algorithms like MADDPG can effectively teach these robots to collaborate and protect the VIP.",ai
"ROBEL is an open-source platform of affordable robots designed for real-world reinforcement learning. It offers two robots: D'Claw, a three-fingered hand for learning dexterous tasks, and D'Kitty, a four-legged robot for learning agile movement. These low-cost, modular robots are durable and have logged over 14,000 training hours. To aid research, we suggest a set of continuous control tasks for each robot, featuring both dense and sparse objectives, and including safety metrics. We provide initial benchmark scores for these tasks.",ai
"This study presents a method for legged robots to learn about traversable terrains using both external (exteroceptive) and internal (proprioceptive) sensors. Current methods use general environmental features or manually chosen kinematic features, but we also learn robot-specific features from proprioceptive data to improve reward estimation in a single neural network. This makes the model more accurate and provides a reward based on the robot's state during use. We train the reward network using the MEDIRL algorithm and also minimize a trajectory ranking loss to address the imperfections in legged robot demonstrations. The method ranks demonstrated",ai
"Reinforcement learning, a promising method for robot control, has largely overlooked musical tasks due to their complex, time-dependent nature, like playing melodies. This paper introduces 'time-dependent goals', a temporal extension to goal-conditioned reinforcement learning, to tackle this challenge. We train a robotic musician to play the theremin using this method, first in simulation, then transferring the skills to a real-world robot. Watch the process here: https://youtu.be/jvC9mPzd",ai
"We aim to create robots that learn user preferences for better navigation. We're adapting a general navigation model for individual users, using preference-based reinforcement learning. Our method combines reinforcement learning, motion planning, and natural language processing. It enables robots to learn from ongoing conversations with humans, not just one-time instructions.",ai
"Reinforcement Learning (RL) for Robots: RL could enable robots to learn skills autonomously. But, real-world use is challenging: it's time-consuming to gather data, and humans must frequently reset the environment. Learned policies often struggle outside controlled settings. Our solution: use diverse offline datasets from past tasks to tackle these issues. When facing a new task, our system adapts past skills, quickly learning to perform the new task and reset the environment. Tests show this approach improves learning with prior knowledge.",ai
"Robots on four legs are stable and strong, but those on two legs are more adaptable. Our paper presents a system that combines the best of both. It uses a pre-set motion for switching between four and two legs, and a learning-based controller for bipedal movement, trained by a new method called Automated Residual Reinforcement Learning. This allows any four-legged robot to walk on two legs.",ai
"In safety-critical fields like healthcare and robotics, reinforcement learning often aims to minimize risks, not just average rewards. We've developed the first regret bounds for this, applicable to a wide range of risk-sensitive objectives, including Conditional Value at Risk (CVaR). Our work introduces a new way to define CVaR and a new method to construct optimistic Markov Decision Processes (MDPs).",ai