text,source
"We show that a modified version of the CRISPRassociated Cas9 protein (dCas9), lacking endonuclease activity, when fused to the photoconvertible fluorescence protein mEos3.1 (dCas9mEos3), enables the resolution of subdiffraction limited features of repetitive gene elements. This approach offers a novel way to study highorder chromatin organization at these sites.",ai
"The feasibility of population control using artificial gene drives, which skew inheritance in favor of their own transmission, is increasing with advancements in CRISPRCas gene editing. While gene drives can potentially be halted, proposed ""antidotes"" or ""brakes"" have thus far been examined only in wellmixed populations. In this study, we explore a reactiondiffusion model representing the release of a gene drive (with fitness $1a$) and a brake (with fitness $1b$, where $b \leq a$) into a wildtype population (with fitness $1",ai
"Cancer research using genomewide screening methods yields lengthy lists of potential genes, which demand substantial analysis for biological understanding and ranking for further investigation. Investigating these gene lists is often a substantial and timeconsuming task, with biologists typically combining results from various bioinformatics resources to understand their relevance to cancer. To simplify and bolster this process, we've developed oncoEnrichR, a versatile bioinformatics tool enabling cancer researchers to thoroughly analyze a given gene list across multiple aspects of cancer relevance. Unlike general gene set analysis tools, on",ai
"Bacteria and archaea have developed an adaptable, inheritable immune mechanism, the CRISPRCas system, which detects and safeguards against viral or plasmid invaders. This system integrates short foreign DNA or RNA sequences, termed ""spacers,"" into its CRISPR array, serving as a historical record of bacterial and phage coevolution. To investigate the dynamics of this coevolution, we employ a physical model that accounts for stochastic evolutionary changes over time. Our study emphasizes the influence of mutation and recombination on bacterial and phage evolution and evasion strategies. We explore the impact of",ai
"AMPactivated protein kinase (AMPK), a vital energy sensor, governs signaling pathways implicated in pathologies like metabolic disorders and cancer. The burgeoning recognition of AMPK's role has fueled extensive research into novel pharmacological AMPK activators. To meticulously investigate AMPK's function and the specificity and efficacy of these activators in cellular models, tools for genetic AMPK inactivation are indispensable. We present here methodologies for genetic ablation of AMPK $\alpha1/ \alpha2$ catalytic subunits in human",ai
"We examine and discuss the benefits of panediting, a intricate process of mitochondrial gene expression in kinetoplastids. The swift propagation and conservation of panediting appears to be driven by its concurrent fragment scattering. This dispersal strategy safeguards temporarily unexpressed mitochondrial genes from loss during intense intraspecific competition, by connecting nonexpressed fragments to stillrequired portions. We developed a mathematical model to quantify the protective effect of such fragment association against gene loss due to the absence of selection. This model provides ranges of values for parameters such as scrambling extent, population size,",ai
"We approximate the optimal number of spacers in a CRISPR array of a bacterium to maximize its defense against viral attacks. The optimality arises from a balance between two opposing trends: insufficient distinct spacers leave the bacterium susceptible to viruses with mutated corresponding protospacers, while an excessive variety of spacers dilutes the abundance of CRISPR complexes equipped with the most recent and effective spacers. Initially, we assess the optimal spacer count in a simplified scenario involving a single viral species, and subsequently, we explore a more general case with multiple viral species. Our findings reveal that parameters such",ai
"Currently, the CRISPR (clustered regularly interspaced short palindromic repeats) segment in bacterial and archaeal genomes is recognized as an adaptive immune system component. Building upon prior research on CRISPR array evolution, which gave rise to the ordered independent loss model by Kupczok and Bollback (2013), we analyze the spacers (segments between repeats). In this model, new spacers integrate into a CRISPR array at a rate of $\theta$ at the leader end, while all spacers are lost",ai
"**CRISPRCas is a repurposed adaptive immune system used for genetic engineering, where the Cas9 protein recognizes a 25bp DNA motif, termed the PAM, and a guide crRNA binds to and cleaves a target DNA sequence. Although offtarget activity is unfavorable, it occurs due to beneficial crossreactivity in the original bacterial immune system. To investigate the specificity of this innate immune mechanism, a stochastic model of the target recognition reaction was developed. Testing CRISPR systems with Cas9 proteins recognizing PAMs of different lengths on both self and phage DNA, the model revealed that the energy",ai
"CRISPR, a recently discovered prokaryotic immune system, functions by integrating viral genetic material into bacterial and archaeal genomes, conferring resistance to subsequent infections by related viruses. The interplay between prokaryotes and viruses presents a fascinating evolutionary biology puzzle. In this study, we present a compelling phase diagram of virus extinction probability, which proves more intricate than that of the classic predatorprey model. As CRISPR incorporates viral DNA, viruses face evolutionary pressure to evade recognition by the system. Intriguingly, when bacteria exhibit a low rate of deleting spacers, a novel parameter region emerges",ai
"Extensive databases house vast gene families, derived from hundreds of complete genomes spanning the three domains of life. This work explores methods of increasing sophistication to glean insights into gene family evolution patterns and processes from these datasets. We focus on models that incorporate gene birth (duplication and transfer) and death (loss) mechanisms to explain gene family evolution. Initially, we examine birthanddeath models of family size evolution and their implications, given the universal features of family size distribution observed across diverse species and life domains. Subsequently, we delve into recent advancements in models that more comprehens",ai
"Phylogenomics heavily relies on meticulously curated sequence datasets, which ideally contain only 1:1orthologous genes for each gene in question. Paralogs are typically considered a problematic nuisance and are often removed. However, we demonstrate here that this strict limitation of datasets is not strictly necessary. Leveraging recent advancements in mathematical phylogenetics, we show that gene duplications can indeed provide valuable phylogenetic information, enabling the construction of plausible phylogenetic trees, given that orthologs and paralogs can be distinguished with a reasonable degree of confidence. Starting from treefree estimates of",ai
"**Hardware security has gained significant attention recently, driven by concerns about the global semiconductor supply chain and the increased use of thirdparty intellectual property (IP). Detecting hardware Trojans, which threaten confidentiality, integrity, and availability, is thus crucial. Current methods for detecting Trojans in Field Programmable Gate Array (FPGA) devices can be categorized into testtime methods, preimplementation methods, and runtime methods. While the first two approaches offer effective means of detecting certain Trojans, some",ai
"Creating simplified, artificial cell models enables synthetic biologists to examine cellular processes under carefully controlled settings. Replicating multicellular behaviors with synthetic celllike structures remains challenging due to the necessity for effective communication among individual compartments in large groups. This method introduces a microfluidic approach to generate substantial quantities of these cellmimics, featuring highly porous, stable, and chemically adaptable polymer membranes. These membranes can be programmed at will with nucleuslike DNAhydrogel compartments for gene expression. The",ai
"**Reciprocal Best Match Graphs (RBMGs) are vertexcolored graphs where vertices represent genes and colors indicate the species in which the genes are found. Edges connect pairs of genes that are most closely related based on an underlying evolutionary tree. In realworld applications, this tree is unknown, and edges are inferred through sequence similarity measurements. Due to data noise, the resulting graphs often fail to meet the criteria of being a ""biologically plausible"" RBMG. Hence, it's",ai
"Cancer develops a robust system and progresses through stages over time, generally becoming more aggressive and carrying a poorer prognosis. Identifying these stages and pinpointing the genes that drive transitions between them is crucial for understanding cancer progression and developing effective anticancer treatments. Here, we introduce a novel model of the 'cancer system' as a Boolean state space, where a Boolean network, constructed from protein interaction and geneexpression data at various cancer stages, moves between Boolean satisfiability states by ""editing"" interactions and ""flipping"" genes. Our model",ai
"The ADAR family of enzymes, which target doublestranded RNA, causes sitespecific changes in precursor messenger RNAs, converting adenosine to inosine (AtoI). This RNA editing process is thought to occur in all animals and is crucial for mammalian development. Currently, only a small number of human ADAR targets are known, but there's evidence suggesting many more premRNAs are affected. We've developed a computational method to find ADAR editing sites in the human transcriptome using millions of available RNA sequences. This approach identified 12,723 AtoI editing sites in",ai
"In cellular systems, gene regulatory networks (GRNs) orchestrate gene expression across different physiological states, ensuring harmonized gene activity within cellular subsystems for proper cell functioning. We investigate whether it's feasible to predict gene synchronization using network structure alone, building upon our recent findings that synchronized gene expression can be forecasted from symmetries in GRNs, as encapsulated by the concept of symmetry fibrations. Symmetry fibrations divide genes into 'fibers' based on the symmetries of their input trees—pathways through which signals reach a gene in the network. In simplified dynamic gene expression",ai
"The generation of scienceready data from major solar telescopes necessitates specialized knowledge beyond that of the average observer. This is due to the escalating complexity of instruments and observation sequences, which demand calibrations and corrections for instrumental and seeing effects that are challenging to measure and are often interdependent, requiring careful consideration in the design of correction procedures. Contemporary spacebased telescopes possess data processing pipelines capable of consistently producing well defined data products. High resolution imaging spectropolarimeters at ground based telescopes require analogous data pipelines. We introduce novel methods for flat fielding spectropolarimetric",ai
"Several implicit methods for inferring Horizontal Gene Transfer (HGT) focus on gene pairs that diverged only after the species containing them diverged. This scenario defines the edge set of a graph, the 'Later Divergence Time' (LDT) graph, where vertices represent genes colored by their species. We study these graphs in the context of relaxed scenarios, which include all common variations of duplication transfer loss scenarios found in literature. We classify LDT graphs as a subclass of properly vertex colored cographs, and provide a polynomial time recognition algorithm, along with an algorithm to construct",ai
"The integration of transposed elements within mammalian genes is believed to play a significant role in their evolution and speciation. When these elements are inserted into introns, they can potentially activate the formation of new, alternatively spliced cassette exons, a process known as exonization. To comprehend how the exonization process has influenced the complexity of the transcriptome and proteome, it's crucial to understand the evolutionary pressures that have shaped the fixation of transposed elements within human and mouse protein coding genes. Our findings demonstrate that exonization of transposed elements tends to occur more frequently at",ai
"The study of gene expression related to social behaviors in fruit flies (Drosophila) has garnered significant attention from biologists, biomedical researchers, and psychologists. Genetically modified Drosophila serve as valuable models for experimental exploration, such as the insertion of Parkinson's genes for research purposes. Nevertheless, long term observation of numerous tiny Drosophila and reliance on human visual acuity for data collection are labor intensive and prone to error. To address these challenges, there's a pressing need for an automated system employing machine learning to detect and analyze social actions. In this research, we aim to develop an automated",ai
"**Revised Scientific Explanation:**In both healthy and diseased aortic tissue, a pseudogene of BAK1 (Bcl 2 homologous antagonist/killer 1) is actively transcribed; however, in corresponding blood samples, the genuine BAK1 gene is expressed. This understanding emerged upon discovering that the human genome contains two edited copies of BAK1, likely pseudogenes. These are located on chromosomes 11 (NG_005599.3) and 20",ai
"**RNA editing, a critical process in genetic information expression, involves inserting, deleting, or substituting a few nucleotides at specific sites in an RNA sequence. Within coding regions, editing typically occurs with a positional bias. In the mitochondrial genes of {\it Physarum polycephalum}, editing events at the third codon position outnumber those at the first and second, whereas in some plant mitochondria, the second position dominates. We propose an evolutionary model that attributes this bias to selection acting at the protein level. This model predicts a distribution of editing sites across the three positions that closely matches the observed data in {\it Phys",ai
"Currently, custom synthetic DNA can be purchased online and received within a few days. To manage the deliberate or accidental creation of hazardous substances, many synthetic gene suppliers implement screening processes for DNA orders. However, a flaw in the Screening Framework Guidance for Providers of Synthetic Double Stranded DNA enables these protocols to be bypassed using a generic obfuscation method inspired by early malware techniques. Additionally, the ease of access and automation in synthetic gene engineering workflows, coupled with inadequate cybersecurity measures, allows malware to interfere with biological processes within a victim's lab. This is",ai
"**Emerging Field of Deep Phenotyping: Unraveling Gene Function and Biological Network Structure in C. elegans**The study of deep phenotyping has gained significant traction as a burgeoning field, offering insights into gene function and the intricate structure of biological networks. In the context of the model organism C. elegans, recent strides in genome editing tools, microfluidic devices, and phenotypic analysis techniques have collectively deepened our understanding of the genotype to phenotype pathway. In this review, I",ai
"When examining gene copies across different species, the resulting gene tree may not match the species tree. The primary reasons for this discrepancy are lineage sorting, horizontal gene transfer, and gene duplication and loss. Each of these events provides a unique parsimony principle for deducing the species tree from gene trees. In lineage sorting, the goal is to find the species tree that minimizes the number of extra gene lineages that coexisted along species lineages. When dealing with gene duplication, the aim is to find the tree that minimizes the number of gene duplications and/or losses. In this study, we",ai
"In the chapter ""Multiresolution Analysis on Compact Riemannian Manifolds"", Isaac Pesenson presents work on multiscale analysis, sampling, interpolation, and approximation of functions defined on manifolds. His key contributions include:  1. **Frame Construction**: Pesenson constructs bandlimited and space localized frames on manifolds that possess the Parseval property. These frames are essential for multiscale analysis on arbitrary compact manifolds.  2. **Variational Splines**: He also develops variational spl",ai
"In microarray studies, researchers often aim to pinpoint genes exhibiting a specific, pre defined expression pattern over time. Existing methods often struggle, especially when the pattern necessitates equal gene expression levels at certain time points. This paper presents a novel approach, Gene Profiling, which combines simultaneous differential and equivalent expression testing to rank genes based on a given expression profile. Gene Profiling represents the true gene expression levels as a linear combination of suitable vectors, designed to satisfy the required criteria.",ai
"CRISPR Cas, a bacterial immune system, safeguards bacterial populations from pathogens. Yet, it also poses an auto immunity risk, as it may target the host's own genome. We employed a simplified model of phage and bacterial population dynamics to investigate how varying acquisition rates impact bacterial colony survival. Our findings indicate that the optimal strategy varies based on the initial sizes of both viral and bacterial populations. Moreover, specific combinations of acquisition rates, dynamical rates, and initial population sizes ensure protection, maintaining a dynamic balance between evolving populations without relying on acquiring viral spacers. Outside this optimal range",ai
"Certain bacteria and archaea employ a CRISPR Cas immune system, granting them adaptive resistance against phages. These organisms store a ""cassette"" of viral DNA fragments, known as spacers, as a record of previous infections. Typically, this cassette holds a few dozen spacers. Given bacteria's often vast genomes, and the potential benefit of more spacers for enhanced immune memory, it's intriguing that they allocate relatively little genetic space to their adaptive immune system. Here, we uncover a fundamental trade off between the size of a bacterium's immune repertoire and its response efficiency to specific",ai
"Gene Set Enrichment Analysis (GSEA) and its variants strive to identify gene clusters exhibiting subtle yet synchronized expression changes. Yet, these methods may falter if many genes within a phenotype associated set lack strong discriminatory power individually. A possible remedy is to seek gene combinations that differentiate effectively even when individual genes fail to do so. While such methods exist, their integration with GSEA has been limited due to the vast number of potential gene combinations and the diversity of metrics used to evaluate the discriminatory power of gene groups of varying sizes. To bridge these approaches, we introduce a",ai
"In this study, we introduce a new gene selection method, Interpretable Causality Gene Selection (ICGS), to identify development specific gene signatures in human Prefrontal Cortex (PFC) that are easily understood. ICGS employs a Bayesian Network (BN) to model causal relationships between multiple gene variables and a development variable. This method combines positive instance based contrastive learning with a Variational AutoEncoder (VAE) to determine the optimal BN structure. Subsequently, a",ai
"Bacteria exhibit greater genomic plasticity compared to eukaryotes. The ""distributed genome"" concept in bacteria posits that the collective genetic repertoire of a bacterial population exceeds the genome of any single individual. The pangenome, encompassing all genes of a bacterial species or sample, includes core genes found in all individuals and accessory genes carried by some. Horizontal gene transfer, facilitated by the ability to exchange genes among individuals, enables bacteria to acquire and use accessory genes for adapting to environmental pressures. Here, we build upon the infinitely many genes model by Baumdicker, Hess, and Pfaff",ai
"**Motivation:** Numerous genes in contemporary species belong to merely thousands of gene families. A gene family encompasses instances of the same gene across different species (orthologs) and duplicated genes within the same species (paralogs). Genes are acquired and lost throughout evolution. With advancements in sequencing technology, scientists can now delve into the significant roles of gene duplications and losses in adaptive evolution. Given the intricate evolution of gene complexes, identifying orthologs is a fundamental yet challenging task in comparative genomics. A principal method for this task involves employing an explicit model of the evolutionary history of the genes",ai
"**Best Match Graphs (BMGs) are a type of colored directed graph that naturally arise in mathematical phylogenetics. They can be approximated using similarity measures between gene sequences, though this process isn't error free. The corresponding graph editing problem can serve as a method for error correction. Due to the NP completeness of arc set modification problems for BMGs, efficient heuristics are necessary for practical analysis of biological sequence data. Given that BMGs have a characterization based on the consistency of a specific set of rooted tri",ai
"The microbial makeup of the human gut significantly impacts human health, leading to widespread adoption of microbiome based therapies, such as over the counter probiotic treatments aimed at modifying the microbiome composition. Although these therapies hold great promise and have sparked considerable commercial interest, the factors influencing their success or failure remain elusive. This study explores the biotic interactions that facilitate the successful integration (engraftment) of a newly introduced bacterial strain into the microbiome, as seen in probiotic treatments. We employ",ai
"Microbial communities linked to humans significantly impact our health and diseases. Advanced metagenomic sequencing techniques allow us to monitor the relative abundance of microbes within these communities over time, revealing intricate ecological dynamics. A key objective in microbial ecology is to deduce species interactions from sequencing data. However, any method aiming to infer species interactions must address three major challenges: 1) a mere correlation between the abundances of two species does not necessarily indicate an interaction, 2) the total abundance constraint in metagenomic data makes it challenging to estimate parameters in time series models, and 3) errors",ai
"Microbiota profiles quantify the composition and structure of microbial communities within specific environments, termed microbiomes. Over the past decade, microbiome research has increasingly explored health implications, linking the gut microbiome to diverse conditions like obesity, inflammatory bowel disease, and major depressive disorder. The primary aim of many microbiome studies is to define or describe the microbial community. High throughput sequencing techniques generate these microbiota profiles, but the resultant data often challenge standard models due to violations of multiple strong assumptions. Rough Set Theory (RST), however, operates under weaker assumptions that are less likely to be",ai
"New findings indicate that our gut microbiome significantly influences our health and wellbeing. Yet, gut microbiome data is complex, with high dimensionality due to the vast microbial diversity within the gut. While specialized high dimensional techniques like the lasso estimator exist, they carry the risk of false discoveries. A recent approach, knockoffs, aims to manage false discoveries. In this study, we demonstrate that aggregating knockoffs enhances power while maintaining strict control over false discoveries. We validate our method through theoretical analysis, simulations, and its application to real world microbiome data from the American Gut Project, leading to novel",ai
"The time spent in the Neonatal Intensive Care Unit (NICU) significantly influences the neurodevelopment and overall health of preterm infants. It's suspected that the stressful early life experiences of very preterm newborns can shape their gut microbiome via the ""brain gut axis,"" and certain microbiome indicators may foretell future infant neurodevelopment. To explore this, a study was conducted on preterm infants. Fecal samples were gathered during the infants' first postnatal month, yielding data on the functional composition of their microbiomes. Neurobehavioral outcomes were assessed once the infants reached",ai
"A comprehensive framework, focusing on complex microbe microbe and host microbe chemical interactions, could greatly aid in understanding the role of our gut microbiota in health and disease. We present here NJS16, a meticulously curated interspecies network of the human gut microbiota, comprising ~570 microbial species and 3 human cell types. This extensive resource details over 4,400 small molecule transport and macromolecule degradation events, facilitating a deep understanding of metabolic interactions. From this network, we've developed a mathematical method to identify key microbial and metabolic features",ai
"The human gut microbiome is a complex system housing numerous microbial species and their metabolic byproducts, maintained partly through intricate cross feeding interactions. However, the overall trophic structure and its influence on metabolic flow within this ecosystem remain largely unexplored. In this study, we employ a simplified model to quantitatively support a multi level trophic organization in the human gut microbiome. Our model, based on a manually curated set of microbial metabolic interactions, suggests the presence of approximately four trophic levels, each characterized by substantial transfer of metabolites from one level to the next. Furthermore, our model's predictions for the typical gut metabolic",ai
"The advancement of next generation sequencing has enabled scientists to examine microbiome composition through direct sequencing, yielding bacterial taxa counts for each sample. A key objective in microbiome research is to connect microbiome composition with environmental factors. To address this, we suggest employing a Dirichlet multinomial (DM) regression model to accommodate the overdispersion observed in these count data. This DM regression model facilitates testing the association between taxa composition and environmental covariates using a likelihood ratio test. Nonetheless, when the",ai
"**Reframed:** Measuring the connection between the gut microbiome and body weight can offer valuable insights for personalized strategies to enhance digestive health. Here, we introduce an algorithm that forecasts weight changes using gut microbiome data from a previously published dataset of healthy newborns. Microbial data often presents distinctive statistical hurdles that evade traditional models. We suggest a mixed effect Dirichlet tree multinomial (DTM) model to address these challenges, integrating covariate information and considering species relationships. The DTM structure facilitates empirical Bayes shrinkage on each node, improving the inference of microbial proportions. We then apply random",ai
"High throughput sequencing enables unparalleled exploration of the human gut microbiome and its links to diseases. Microbiome data is compositional, sparse, noisy, and diverse, presenting significant statistical modeling challenges. We introduce an identifiable Bayesian multinomial matrix factorization model to infer overlapping clusters among both microbes and hosts. This method models the observed, over dispersed zero inflated count matrix as Dirichlet multinomial mixtures, building latent cluster structures hierarchically. Within the Bayesian framework, the number of clusters is automatically determined, and information from a taxonomic rank tree of",ai
"Investigation into the human microbiome has surged in popularity in recent years, with a frequent task being the grouping of microbiome compositions into subtypes. This categorization of samples into subgroups is a crucial step towards personalized diagnostics and therapies. However, when applying established clustering methods to contemporary microbiome studies, such as the American Gut Project (AGP) data, we discovered that this seemingly routine task is surprisingly complex due to several unique characteristics of microbiome data. Conventional distance based clustering algorithms often falter, as they do not adequately account for the variability in cross sample bacterial taxa. Meanwhile,",ai
"Over the past two decades, scientific research has firmly established the microbiome's central role in health and disease. Differential abundance analysis aims to pinpoint specific microbial taxa linked to sample groups distinguished by factors like disease subtype, geographic location, or environmental conditions. These insights aid clinical professionals and researchers in diagnosing diseases and developing targeted treatments. Nevertheless, analyzing microbiome data presents unique challenges due to its high dimensionality, sparsity, compositionality, and collinearity. There's a pressing need for unified statistical methods to perform differential analysis while accounting for covariates. We introduce a zero inflated Bayesian nonparam",ai
"The human microbiome significantly influences health and disease states. Next generation sequencing techniques enable us to quantify the microbiome's composition. Clustering these data can reveal insightful patterns across samples. Fang and Subedi (2020) introduced a logistic normal multinomial mixture model (LNM MM) for microbiome data clustering. Given the high dimensionality of microbiome data, we introduce a family of logistic normal multinomial factor analyzers (LNM FA) by integrating a factor analyzer structure",ai
"Each year, online learners dedicate millions of hours practicing new skills through assignments with predetermined solutions. This study investigates whether reframing research questions as assignments with unknown answers can stimulate learners to produce novel, valuable, and hard to find knowledge, while boosting their motivation by connecting them to a broader purpose. Partnering with the American Gut Project, the globe's largest crowdfunded citizen science initiative, we introduce Gut Instinct. This tool empowers novices to formulate hypotheses about the composition of the human gut microbiome. It allows online learners to delve into microbiome learning materials",ai
"**In machine learning practice, an independent test set is crucial for accurate model validation. Omissions or leaks in the test set hinder the assessment of a trained model's suitability. Here, we examine 102 gut microbiome classification studies, quantifying the prevalence and effects of test set omission and leakage on the reported area under the receiver operating characteristic curve (AUC). We find that only 12% of these studies mention their test set.**",ai
"The human gut microbiome is linked to many disease causes. Consequently, it's a prime target for developing machine learning based biomarkers for multiple diseases and conditions. The microbiome is typically studied using 16S rRNA gene sequencing, but several challenges arise when applying machine learning to this data: 1. **Uneven Representation**: The data is not uniformly distributed, with some species being overrepresented. 2. **High Dimensionality**: There are often fewer samples than the number of",ai
"Recent progress in next generation sequencing technologies has empowered researchers to delve deeply into microbiome studies and their connections with various human diseases, with numerous recent investigations uncovering links between human microbiome and health outcomes for several chronic conditions. Nevertheless, the structure of microbiome data, marked by sparsity and skewness, poses obstacles to constructing reliable classifiers. To tackle this, we introduce an innovative distance based classification method using mixture distributions (DCMD). This approach seeks to enhance classification performance when working with microbiome community data, where the predictors consist of sparse and heterogeneous count data. It achieves this by modeling the",ai
"A key goal in microbiome research is to determine and describe variations in microbiome makeup among different sample groups. Key obstacles to this include substantial diversity within each group and potential confounding factors that, if overlooked, can lead to false findings and decrease the likelihood of identifying genuine differences. We suggest a probabilistic approach to address these challenges, combining three concepts: 1. **Phylogenetic tree based breakdown**: We decompose the cross group comparison into a series of local tests using a phylogenetic tree, which organizes microbial taxa based on evolutionary relationships.2. **Graphical model for information sharing**: We create",ai
"The significance of human milk for infants and human civilization at large is well documented. While the human milk microbiome has gained attention with the growth of microbiome research, our comprehension has largely been confined to identifying operational taxonomic units (OTUs) and calculating community diversity indices. To our knowledge, no study has yet explored bacterial interactions within the human milk microbiome. To fill this gap, we constructed a milk bacterial community network using data from Hunt et al. (2011), the most extensive 16S rRNA sequence dataset of the human milk microbiome currently available. Our",ai
"We present a droplet microfluidics technique for targeting and isolating individual cells directly from intricate microbiome samples, preparing them for bulk whole genome sequencing without cultivation. We demonstrate this method by recovering bacteria spiked into human stool samples at a low ratio of 1:250, and successfully enriching endogenous *Bacteroides vulgatus* to levels sufficient for de novo assembly of high quality genomes. Given the increasing demand for microbiome strains in biomedical applications, but the majority of species and strains remaining uncultivated and without reference genomes, we address this gap",ai
"The human microbiome's role in health is profound, and its connection to various diseases is well established. Although advanced sequencing technologies provide detailed insights into microbiome composition, understanding its intricate relationship with disease risk factors remains challenging due to the complex nature of microbiome data. Issues like abundant zero values, high dimensionality, phylogenetic tree hierarchy, and compositional structure compound the problem, rendering conventional methods insufficient. We introduce a multivariate two part zero inflated logistic normal (MZILN) model to examine the association between disease risk factors and individual microbial taxa, as well as overall microbial community composition.",ai
"The role of the gut microbiome, our gut's microbial community, in influencing mood and behavior has gained increasing recognition, a concept known as the microbiome gut brain axis. While our methods for detecting and quantifying these microbes have advanced, analyzing microbiome data remains complex. This perspective explores the principles and fundamentals of analyzing and interpreting microbiome data, with a focus on the microbiome gut brain axis. We provide an overview of crucial considerations before starting analysis, along with key microbiome analysis methods: alpha diversity, beta diversity, differential abundance of features, and functional inference. We emphasize the",ai
"Microbes are vital for host health, and advanced high throughput sequencing technologies offer insights into their interactions. Yet, traditional 16S rRNA sequencing has limitations, leading to zero inflated microbiome data that hinders quantitative comparisons between individuals. To address this, we introduce a novel Bayesian graphical model that builds upon a recent microbiome profiling technique quantifying 16S rRNA microbial counts. Our model integrates microorganisms' evolutionary history via a phylogenetic tree prior and manages zero inflation using a truncated Gaussian copula. Simulation results show that incorporating evolutionary information significantly enhances network estimation accuracy.",ai
"High throughput sequencing enables us to examine the bacterial compositional differences across various populations. A distinctive aspect of human microbiome data is the prevalence of zeros. This data can be modeled using a two part model that incorporates a zero point mass. Inspired by the analysis of non negative data with abundant zeros, we propose several truncated rank based two group and multi group tests, including a truncated rank based Wilcoxon rank sum test for two group comparison and two truncated Kruskal Wallis tests for multi group comparison. Both theoretical analysis and simulations demonstrate",ai
"To deepen our understanding of microbiomes' roles in human and environmental health, precise estimates of microbial species abundances are essential. Yet, synthetic microbiomes reveal that common estimators of microbial relative abundances are skewed. To tackle this, we introduce a semiparametric method to estimate relative abundances, species detection effects, and/or cross sample contamination in microbiome studies. We find that specific experimental designs lead to identifiable model parameters, and we provide consistent estimators along with asymptot",ai
"Significant changes in the composition of the microbiome are closely linked, either causally or as a result, to the health and functioning of human physiology. However, discerning the differences in microbiome profiles between healthy and unhealthy individuals can be challenging due to the intricate web of interactions among microbes. To tackle this complexity, we suggest representing these interactions as a dynamic graph, where nodes represent microbes and edges depict their interactions. Driven by the necessity to analyze such intricate networks, we introduce a method that learns a low dimensional representation of the evolving graph while preserving the high dimensional dynamics. Our",ai
"The ""gut brain axis"" concept has sparked considerable research into microbiomes. A key area of focus is exploring the relationship between specific clinical outcomes and the relative abundances of gut microbes, which can be represented as sub compositional data following the taxonomic hierarchy of bacteria. Inspired by a study aiming to identify gut microbes in preterm infants that influence their subsequent neurobehavioral outcomes, we propose a constrained integrative multi view regression model. In this model, neurobehavioral scores serve as multivariate responses, sub compositional microbiome data act as multi view feature matrices, and a",ai
"This study is driven by the growing curiosity in examining high dimensional microbiome datasets. A notable characteristic of these datasets is the occurrence of 'structural zeros', where certain microbes are absent from a data vector due to inherent biological processes, not measurement errors. Traditional concepts of missingness do not adequately capture these structural zeros. We introduce a comprehensive framework that accommodates structural zeros and present methods for estimating sparse, high dimensional covariance and precision matrices within this context.",ai
"The significant advancement of next generation sequencing and omics technologies has enabled the characterization of the human gut microbiome, comprising the collective genomes of microorganisms dwelling in our gastrointestinal tract. Some of these microbes are recognized as crucial regulators of our immune system, while others are linked to various diseases like Inflammatory Bowel Diseases (IBD), diabetes, and cancer. IBD, a gut related disorder, is associated with deviations from the healthy gut microbiome composition. Despite ongoing research efforts to elucidate the gut microbiome's role in IBD, a holistic understanding remains elusive due to the intricate nature of metagenomic studies and",ai
"Microbes significantly influence processes ranging from food production to human health. These microbes do not exist in isolation; instead, they interact with each other and form connections with their surrounding environments. Gaining insight into these interactions is crucial for understanding the organization and complex relationships within microbial communities, as well as the structure and dynamics of diverse ecosystems. A widely used approach to achieve this involves inferring microbiome interaction networks. While network inference methods have been explored in other fields, their direct application to infer microbiome associations using compositional data can lead to invalid results. The unique characteristics of microbiome data,",ai
"A key question in human microbiome research is whether we can create interventions that alter the microbiome's composition to improve health or treat diseases. This necessitates a deep understanding of factors that influence the microbiome, like diet, and the link between microbial composition and outcomes like body mass index (BMI). Past studies have analyzed these aspects separately, using two stage methods that can lead to skewed interpretations. We introduce a Bayesian joint model that concurrently identifies clinical factors tied to microbial composition data and predicts phenotypic responses by leveraging information from the compositional data. Our approach employs spike and slab priors to manage",ai
"In the journal Nature Microbiology, Palleja et al. investigated shifts in gut microbiome makeup in a group of twelve healthy males over six months post antibiotic treatment. They proposed that the 'participants' gut microbiota returned to near initial composition within 1.5 months, showing only a 'slight yet enduring impact after antibiotic exposure.' We now provide a series of re analyses of their original data, indicating a substantial loss of microbial taxa even after the study's full 180 day",ai
"An increasing number of ailments, including obesity, diabetes, and certain cancers, are now known to be closely linked to imbalances in the microbiome. Advances in high throughput omics technologies now allow us to study the human microbiome directly and assess its impact on health. Long term tracking of microbial communities and investigation of their interrelationships can be visualized as a dynamic graph. To grasp how individual microbes respond to varied perturbations like antibiotic exposure, diseases, or other changes, and to understand the overall dynamics of these communities, analyzing the dynamic graph of human microbial communities is crucial. This",ai
"The generalized Lotka Volterra (gLV) equations, a foundational model in theoretical ecology, detail the population dynamics of interacting species. As the number of species in these systems increases, their dynamics become intricate and challenging to manage. We present Steady State Reduction (SSR), a method that simplifies a gLV system of many ecological species into manageable two dimensional (2D) subsystems, each adhering to gLV dynamics and having basis vectors that are steady states of the high dimensional model. We apply this method to an experimentally derived model of the gut microbiome to",ai
"**In recent years, the field of whole metagenome shotgun sequencing has seen substantial growth, driven by high throughput sequencing technologies that enable cheaper, faster, and more comprehensive sequencing of genomic samples. This technological progress has sparked the trend of sequencing multiple samples under various conditions or environments to investigate the similarities and differences among microbial communities. Notable examples include the Human Microbiome Project and numerous studies on the human intestinal tract. With the increasing availability of large databases containing such data, finding samples similar to a given query sample has become a crucial operation. In this paper, we present a content based exploration and retrieval method for",ai
"The collective of organisms coexisting in a specific space and time, known as a biological community, holds significant potential as a unifying concept in biology, particularly with the emergence of high throughput sequencing techniques that comprehensively reveal genetic diversity. Building upon this, we demonstrate that a tool from community ecology, the Rank Abundance Distribution (RAD), can be transformed into a universal, expressive descriptor for quantitatively comparing communities across diverse biological fields, thanks to the MaxRank normalization method. To showcase the versatility of this approach, we examine RADs from various generalized communities—assemblages of",ai
"Metagenomic approaches allow us to explore the connections between the human microbiome and various diseases, identifying specific bacterial taxa linked to these conditions. Recent research suggests that metabolism, genetics, and environmental factors can all influence these microbial impacts. However, existing methods for combining microbiome data with other variables are inadequate. To address this, we introduce an integrative Bayesian zero inflated negative binomial regression model that can differentiate taxa with varying abundances and phenotypes, and quantify the effects of covariates on these taxa. Our model shows promising results with simulated data, and we successfully applied it to two real",ai
"Compositional data, unlike typical multivariate data, possess two distinctive features: observed values are non negative, and their sum equals one. To account for these traits, a specialized regularized regression model with linear constraints is commonly employed. Nevertheless, the use of linear constraints can significantly increase computational time, particularly in high dimensional scenarios. To address this, we introduce an efficient solution path algorithm for $l_1$ regularized regression tailored to compositional data. We further extend this algorithm to",ai
"Changes in the human gut microbiome (bacteriome) can be linked to health issues like type 2 diabetes and cardiovascular disease. Both external and internal factors can drive shifts in the composition and interactions of the gut bacteriome, negatively impacting host cells. In this study, we concentrate on the human gut bacteriome's metabolism and propose a two tier network system to explore its dynamics. Additionally, we create an in silico simulation model (virtual GB) to examine the effects of metabolite",ai
"Many scientific disciplines, including human gut microbiome research, often encounter multivariate count data where the total count does not correlate with the magnitude of the system being studied (e.g., overall microbial abundance in a subject's colon). This lack of correlation presents challenges for downstream analyses like differential analysis in case control studies. This paper is inspired by a recent study on in vitro human gut microbiome models. Existing tools for analyzing such data resulted in excessively high false positive and false negative rates. To comprehend these failures, we formulate a formal problem statement using the classical theory of identifiability, which we",ai
"Compositional data, exemplified by human gut microbiomes, are composed of non negative variables where only relative values among variables are accessible. Analyzing such data, like human gut microbiomes, requires careful consideration of their unique geometric properties. A prevalent geometric interpretation of compositional data is through the regular simplex. Most existing methods rely on log ratio or power transformations to circumvent the inherent simplicial geometry. In this study, we leverage the key insight that compositional data are fundamentally projective and the intrinsic link between projective and spherical geometry. We reinterpret the compositional domain as the quotient topology",ai
"In analyzing human microbiome data, it's common to use dimension reduced graphical representations and clustering based on vectors of microbial abundances per sample. These ordination methods typically employ biologically inspired similarity definitions. Notably, Principal Coordinate Analysis (PCoA) often uses ecologically defined distances, enabling context dependent, non Euclidean structures to be incorporated into analyses.  We outline a method that goes beyond ordination plots, integrating these structural aspects into high dimensional penalized regression models. Within this framework, regression coefficient vectors are estimated using the shared eigen properties of multiple similarity matrices, or kernels.",ai
"The human habitat serves as a host environment where microbial species evolve, function, and continue to evolve. Understanding how microbial communities respond to human habitats is a crucial task, as establishing baselines of the human microbiome is key to comprehending its role in human health and disease. However, current studies often oversimplify the complex, interconnected landscape of the human microbiome and focus on specific body habitats using narrow learning models. Consequently, these methods may fail to accurately capture real world microbial patterns. To gain a holistic perspective, we introduce a novel ensemble clustering framework designed to mine the structure of microbial community",ai
"Compositional data is ubiquitous in various research fields, including the natural and biomedical sciences. A notable instance is in human gut microbiome research, where the relative abundance of diverse microorganisms within a subject's gut can be measured. Researchers often aim to understand how microbial dependencies fluctuate across different populations or experimental conditions. Statistically, the objective is to estimate a covariance matrix for the (unobserved) log abundances of microbes in each population. Nevertheless, the compositional nature of the data inhibits the use of conventional covariance matrix estimators. Here, we introduce a novel estimator for",ai
"The generalized Lotka Volterra (gLV) equations serve as a model for the microbiome, treating it as a collection of interacting ecological species. Here, we employ a specific, experimentally derived gLV model of C. difficile infection (CDI) as a case study to develop methods applicable to broader gLV models. We explore how to transition gLV systems between multiple steady states using direct control protocols, which manipulate the system's state by instantly adding or removing microbial species. Subsequently, we simplify the complex, high-dimensional landscape of the system's basins of attraction by compressing it",ai
"The human gut is home to a microbial ecosystem crucial for our health. Key biological processes arise from interactions between and within species, shaping the gut microbiota's composition. In this study, we measure the complexity of these interactions in the infant gut microbiota ecosystem. We do this by analyzing the information in increasingly detailed maximum entropy models of the system. Our approach describes the gut's ecological state, based on the presence or absence of individual microbial units (identified by amplicon sequence variants, or ASVs), influenced by both neighboring units' states and the broader ecological context.",ai
"The generalized Lotka-Volterra (gLV) equations serve as a mathematical representation for ecological dynamics, particularly in the context of the gut microbiome. Our focus is on a gLV model that describes the evolution of the gut microbial state, influenced by pairwise inter-species interaction parameters. These parameters encode environmentally-mediated resource competition between microbes. We propose an in silico method to control the steady-state outcome of the system by manipulating these interaction parameters, operating within a bistable region of the gLV model. The two target steady states are conceptualized as either a ""healthy"" or",ai
"The understanding of the microbial world and its influence on human health is rapidly evolving, thanks to the capability to sequence previously uncultured or unculturable microbes directly from their environments. This feat is made possible by advancements in next-generation sequencing technologies, which are now faster and more cost-effective. This marks a significant paradigm shift in the study of biodiversity across various habitats, including the human, soil, and ocean microbiomes. We will delve into several research examples and findings that underscore the microbiome's significance in our lives, followed by an exploration of the challenges posed by metagenomic experiments",ai
"Many social mammals' well-being and longevity are significantly influenced by early life social experiences and adult social integration. Current research into the physiological processes linking social environments to individual success has mainly focused on stress-induced changes in neuroendocrine signaling and immune function. We propose an alternative mechanism: social interactions with conspecifics, both in early life and adulthood, could substantially contribute to the transfer of beneficial microbes and enhance host microbiome diversity. A richer and more diverse microbiome would bolster pathogen resistance and overall health, ultimately translating into improved fitness outcomes. This hypothesis is supported by two key findings from recent studies:",ai
"We propose a novel approach to estimate the support size of an unknown distribution. This method achieves performance bounds equivalent to the current state-of-the-art techniques and demonstrates superior practical performance. We present both theoretical proofs and computational simulations to demonstrate the effectiveness and performance enhancements of our method. The theoretical foundation lies in introducing a novel weighted Chebyshev polynomial approximation method, jointly optimizing the bias and variance components of the risk, and integrating the weighted minmax polynomial approximation method with discretized semi-in",ai
"In recent times, deep learning has transformed machine learning and its applications, matching human expert performance in various fields, including neuroscience. Each year, numerous scientific papers detail the use of deep neural networks for biomedical data analysis. Given the rapid expansion of this field, it can be challenging and time-intensive for global researchers to grasp the latest and most advanced software libraries. This work aims to provide clarity on the current state of the domain, highlighting the most useful libraries that facilitate deep learning applications in neuroscience, enabling scientists to choose the most appropriate tools for their research or clinical projects. This paper",ai
"Human-machine interactions are gaining traction as a means to develop novel communication methods and enhance daily life. Brain-computer interfaces (BCIs) translate a user's underlying neural activity into actionable intent, enabling direct interaction with the external environment without relying on traditional muscular systems. While BCIs hold immense promise, several hurdles hinder their widespread societal impact, such as accurately interpreting human thoughts and employing effective learning strategies. Although significant engineering progress has been made, the underlying neuroscience remains largely unexplored. BCIs involve intricate, dynamic changes related to neural plasticity across various spatiotemporal",ai
"**We've created ExBrainable, a user-friendly GUI for training and visualizing Convolutional Neural Network (CNN) models in Electroencephalography (EEG) decoding. It offers features like model training, assessment, and parameter visualization in both temporal and spatial formats. We've tested these features using a renowned public motor-imagery EEG dataset and compared the outcomes with established neuroscience findings. Our aim is to offer a quick, easy-to-use solution for EEG decoding, enabling researchers from various",ai
"TiD is a standardized interface designed to facilitate event transmission in neuroscience experiments, built on a client-server architecture. Clients connect to a single server, and events are distributed in a ""bus-like"" manner. TiD employs XML messages for event representation, allowing for custom extensions. A cross-platform C++ library is available, offering all TiD functionalities. To mitigate the jitter effect that can hinder event processing, TiD has been optimized for performance. The documentation provides",ai
"Artificial Intelligence (AI), a rapidly advancing domain, centers on emulating and automating various cognitive processes using machine learning algorithms. Its applications span computer vision, natural language processing, robotics, neurotechnology, bio-inspired computing, and more. This chapter explores how AI techniques can be harnessed in the realm of intracranial electroencephalography (iEEG) research. iEEG data stands out due to its exceptional signal quality, directly recorded from brain tissue. Leveraging sophisticated AI models on these data holds promise for unraveling many fundamental neuroscience queries.",ai
"At the intersection of cognitive psychology, neuroscience, and the study of complex, dynamic systems, ongoing research is unraveling our understanding of the creative process. This includes how creativity functions, how it can be cultivated, and the early developmental influences and personality traits of highly creative individuals. This chapter delves into the mechanics of creative minds, those with the potential to shape the trajectory of human culture.",ai
"**Recent advancements in neuroimaging, particularly functional magnetic resonance imaging (fMRI), have equipped cognitive neuroscience with potent tools. fMRI stands out with its high spatial resolution, reasonable temporal resolution, easy calibration, and quick preparation time, making it a popular choice in brain research.****Unlike electroencephalogram (EEG), real-time fMRI-based brain-computer interface (rtfMRI-BCI) offers dual advantages. It enables decoding analysis across the entire brain to control external devices, and also empowers subjects to voluntarily regulate specific brain regions.** **This paper",ai
"**A comprehensive data acquisition and signal output control system for synchronous stimuli generation, tailored for in vivo neuroscience experiments, was developed using the Terasic DE2i-150 board. Thoughts and emotions, as emergent properties of neurons, rely on the chemical and electrical activity of these cells. Most neurons are excitable (spiking neurons), generating transient electrical patterns (spikes). Typically, researchers focus on the precise moment of these spikes' occurrence (timestamp) as the carrier of information. To capture neural activity triggered by stimuli, precise timing and data storage capabilities are essential, which can only be",ai
"A key objective in neuroscience is to elucidate the connection between neural activity and behavior. For instance, the capability to infer behavioral intentions from neural data, or neural decoding, is vital for creating functional brain-machine interfaces. While basic linear models have been employed, they fail to discern crucial non-linear relationships. Therefore, a self-supervised method to uncover non-linear connections between neural dynamics and behavior, to compute neural representations, is a significant unsolved problem. To tackle this, we created a novel multimodal dataset comprising spontaneous behaviors of fruit flies, Drosophila melanogaster, a",ai
"**Neuroengineering grapples with distinctive challenges in restoring or substituting intricate neural systems, comprising numerous interconnected components. These interactions weave complex patterns across vast spatiotemporal scales, generating emergent behaviors that are hard to forecast from individual elements. Network science offers a fitting framework to study and intervene in such systems, representing neural elements (cells, volumes) as nodes in a graph and neural interactions (synapses, white matter tracts) as edges. Here, we explore the burgeoning field of network neuroscience, which employs and advances graph theory tools to enhance our understanding and control of neural systems",ai
Three recent textbooks are examined to explore both the challenges and fascinations of instructing computational neuroscience.,ai
"Directly translating neural signals into behavior, perception, or cognitive state holds promise for brain-computer interface (BCI) research and offers insights for systems neuroscience. In recent years, deep learning has emerged as the gold standard in numerous machine learning tasks, from speech recognition to image segmentation. The triumph of deep networks in these fields has sparked a new surge of applications in neuroscience. This article surveys deep learning approaches to neural decoding. We detail the architectures employed to extract meaningful features from diverse neural recording methods, spanning spikes to electroencephalography (EEG). Additionally, we examine how",ai
"A recent editorial in Nature highlighted the challenge in cognitive neuroscience of consistently demonstrating brain-behavior connections. The article proposes a solution: population neuroscience, a big data approach. This method offers unparalleled control in experimental design, vastly expands the scope of data analysis, and opens a new paradigm for investigating the mechanisms underlying brain-behavior associations.",ai
"**Brain-Computer Interface (BCI) is a potent tool enabling users to interact with systems, amplifying the brain's natural communication and environmental interaction abilities. Progress in neuroscience and computer science over the past few decades has driven BCI advancements, making it a prominent interdisciplinary research field in computational neuroscience and artificial intelligence. Recent tech innovations like wearable sensors, real-time data streaming, machine learning, and deep learning have sparked interest in EEG-based BCIs for practical and healthcare uses. EEG-based BCIs benefit many by continuously tracking cognitive state shifts during monotonous tasks, be it at work or home",ai
"The scientific world has observed a rapid and expanding use of graphene and graphene-based materials across diverse fields. In neuroscience, these materials have sparked dual interests. Firstly, graphene or graphene derivative nanosheets (like graphene oxide or reduced graphene oxide) can serve as vectors for drug delivery. Here, toxicity assessment is crucial, and it's significantly influenced by flake composition, chemical modifications, and size. Secondly, graphene can function as a substrate for tissue engineering, with conductivity being a key property. This could potentially enable the control and interrogation of neural networks.",ai
"**The study, using computational neuroscience methods, investigated vibrotactile stimuli applied to subjects' fingertips and head regions to elicit somatosensory brain responses for a haptic brain-computer interface (hBCI) setup. Initial results are promising, with subjects achieving online hBCI interaction rates between 40% and 90% at a rapid inter-stimulus-interval (ISI) of 250ms. These findings validate the hBCI paradigm's concept,",ai
"**Neuroscience is currently experiencing a phase of swift experimental advancement and growth. Novel mathematical tools, previously unexplored in the neuroscience community, are now being employed to address foundational questions and analyze burgeoning datasets. In line with this trend, the past decade has witnessed an increase in the application of topological concepts and techniques in neuroscience. In this talk, I will review recent applications of topology in neuroscience and explain why topology is particularly well-suited for comprehending neural codes. This write-up",ai
"New knowledge acquisition is progressively data-centric, relying on a team's capacity to cooperatively generate, locate, analyze, store, and share relevant datasets throughout a research project. This is particularly evident in scientific discovery, where data generation, analysis, and interpretation are the primary ways research teams work together to accomplish their common scientific objectives. Data-driven discovery, especially in scientific contexts, is characterized by intricate and varied data structures and formats that change over the course of an investigation. Although databases and associated information systems could be beneficial in the discovery process, creating efficient interfaces for data-driven discovery is currently",ai
"Over the past few years, machine learning (ML) has seen a surge in its application within neuroscience. This review explores ML's contributions, both actual and potential, across several domains of systems neuroscience. We outline four key roles of ML in neuroscience:**  Solving engineering challenges**: ML provides innovative solutions to technical obstacles in neuroscience, such as data processing, experiment automation, and neuroimaging analysis. Identifying predictive variables**: ML algorithms can pinpoint crucial",ai
"Research has shown that the statistical power of many neuroscience studies is notably low, raising doubts about the reliability and reproducibility of their results. This paper explores how neuroscientists and their publishing platforms, particularly top-tier journals like Nature Neuroscience, are addressing this issue. We analyzed the sample size justifications provided in all 15 papers published in a recent issue of Nature Neuroscience. Out of these, only one study explicitly stated that it was adequately powered. The majority relied on sample sizes used in previous",ai
"The roundworm Caenorhabditis elegans (C. elegans) exhibits remarkable sensitivity to various chemical, mechanical, and thermal stimuli. Its widespread use in research lies in its potential to unravel the molecular processes behind chemosensation, mechanotransduction, and thermosensation. These stimuli primarily influence the worm's movement patterns. To study and analyze these changes in locomotion, tools capable of capturing and quantifying worm movement are essential. Here, we present Nemo, a fast and reliable two-dimensional object tracking algorithm designed for automated detection and analysis of C. elegans movement.",ai
"In the early days of computer science and on the cusp of neuroscience's modern era, we are witnessing a rebirth of the field, driven by novel technologies that enable us to delve deeply and precisely into the previously unexplored domains of the brain.",ai
"We previously introduced GraphVar, a user-friendly MATLAB toolbox designed for comprehensive graph analyses of functional brain connectivity. Here, we present an extensive expansion of the toolbox, enabling users to effortlessly explore and customize decoding models across various functional connectivity measures and additional features.  GraphVar 2.0 offers machine learning (ML) model construction, validation, and exploration capabilities. This allows for flexibility in neuroimaging applications, as ML can be performed across any combination of network measures and additional variables.  Building upon the previously integrated functionalities, such as network construction and graph",ai
"**Recent years have seen significant research efforts in the field of brain interfaces, aiming to extract neuro-information from signals representing neuronal activities in the human brain. A notable advancement is the development of interfaces enabling direct brain-to-brain communication in animals. Despite these early results and simple experimental setups, rapid progress in neuroscience and information and communication technologies suggests the potential for future wireless brain-to-brain communication scenarios. The specific type of neural activity being communicated will dictate strict requirements for high data rates, low latency, and reliable communication. This paper explores key technologies beyond 5G that could potentially support this promising approach",ai
"Neuroscience is currently experiencing an unparalleled growth in the amount and variety of available data. Historically, network models have offered valuable insights into the brain's structure and function. However, the emergence of big data in neuroscience necessitates more advanced models and innovative quantitative analysis methods to handle the increasing data complexity. Multilayer networks, a mathematical advancement over traditional networks, have been increasingly adopted in neuroscience due to their capacity to encapsulate the complete information from complex, multi-modal, multi-scale, spatiotemporal datasets. In this review, we explore multilayer networks",ai
"We tackle the left/right hand force decoding challenge using fNIRS data with a data-driven approach, employing a convolutional neural network architecture called HemCNN. We evaluate HemCNN's real-time decoding capabilities to identify the hand (left or right) from fNIRS data. HemCNN successfully detected which hand performed a grasp at a naturalistic hand action speed of approximately 1 Hz, outperforming conventional methods. As HemCNN does not necessitate baseline correction and its convolution operation is insensitive to time shifts, our method could facilitate the use of fN",ai
"This article explores the creation of an interactive virtual training program that merges neuroscience, robotics, and computer science for high school students. A four-day virtual microseminar, ""Swarming Powered by Neuroscience"" (SPN), was held, combining presentations and interactive computer game simulations led by experts in neuroscience, mathematics, multi-agent swarm robotics, and education. The goal was to assess if an interdisciplinary approach to high school education could enhance student learning experiences in fields like neuroscience, robotics, or computer science. The study showed a 16",ai
"Partial Least Squares Regression (PLSR) demonstrates remarkable proficiency in predicting continuous variables from inter-correlated brain signals in brain-computer interfaces. Nevertheless, as PLSR is fundamentally based on the least squares principle, it lacks robustness against noise. The goal of this study is to introduce a novel robust version of PLSR. To achieve this, we propose the Partial Maximum Correntropy Regression (PMCR) by employing the maximum correntropy criterion (MCC). We use half-quadratic optimization to compute robust projectors for dimensionality reduction and optimize regression coefficients",ai
"**Brain-Computer Interfaces (BCIs) enable electronic devices to directly communicate with the brain. For most medical BCIs, the activity of multiple neurons or local field potentials is adequate for decoding. However, for neuroscience research, distinguishing individual neuron activity is crucial. With advancements in large-scale silicon technology and increasing probe channels, manually interpreting and labeling spikes has become challenging. Here, we introduce a novel modeling framework, the Adaptive Contrastive Learning Model, which learns representations from spikes using contrastive learning and maximizes mutual information as a theoretical foundation. This model leverages the principle that data",ai
"**Multivariate pattern analysis (MVPA) and brain decoding techniques have become commonplace in fMRI data analysis. While these methods have been extensively used in Brain-Computer Interfaces (BCI), their application to time-series neuroimaging data like MEG and EEG for cognitive neuroscience research is more recent. In this tutorial-style review, we outline a wide range of options to guide future time-series decoding studies from a cognitive neuroscience perspective. Using sample MEG data, we demonstrate how different choices in the decoding analysis pipeline can impact experimental results, where the goal is to 'decode' different perceptual stimuli",ai
"Establishing functional links between brains and machines is a major neuroengineering goal. A successful interface should not only decipher neural signals but also anticipate human intentions to perform actions ahead of time, a task amplified in complexity beyond controlled lab settings. This paper outlines our method to detect and forecast natural human arm movements in advance, a pivotal yet unexplored challenge in brain-computer interfacing. We present the innovative Annotated Joints in Long-term ECoG (AJILE) dataset, comprising automatically labeled poses of seven upper body joints for",ai
"Network neuroscience portrays the brain as an assembly of regions interconnected by pathways. Due to its capacity to structure system-level models, it has provided novel insights into neural function and behavior. Philosophers have meticulously analyzed the mechanistic nature of these explanations and their role within neuroscience. Nevertheless, these philosophical contributions have not widely permeated the neuroscientific community. Here, we supplement formal philosophical work by offering an applied viewpoint, tailored to and for neuroscientists. We explore the mechanistic under",ai
"Recent advancements in neuroscience and engineering have made it feasible to record and decode brain signals. Additionally, various stimulation methods have been developed to modify and influence brain activity. Present brain-computer interface (BCI) technology primarily focuses on therapeutic applications, having proven successful as assistive and rehabilitative tools for individuals with severe motor impairments. Lately, artificial intelligence (AI) and machine learning (ML) techniques have been employed to decipher brain signals. Building upon these achievements, the integration of AI with advanced BCIs in the form of implantable neurotechnologies holds promise for the diagnosis",ai
"Digital services like repositories and science gateways are now vital tools for the neuroscience community. However, users often struggle to navigate this landscape to find services tailored to their specific needs. To address this, the International Neuroinformatics Coordinating Facility (INCF) has created a set of guidelines and associated criteria for selecting or establishing and operating repositories or scientific gateways, with a focus on FAIR (Findable, Accessible, Interoperable, Reusable) neuroscience principles. While primarily designed for neuroscience use cases, these recommendations are often broadly applicable. They consider the viewpoints",ai
"Neuroscientists frequently refer to neural activity as a representation of something, or report evidence of a neural representation. However, the criteria for labeling certain neural activity as a representation, and the implicit assumptions, are often not explicitly stated in neuroscience literature. The concept of representation is central in the philosophy of mind, with a long history tracing back to ancient times. To elucidate its application in neuroscience, we establish a connection between the term's nuances across these disciplines. We delve into a wide array of philosophical discussions to identify three crucial aspects of representation: correspondence, functional role",ai
"**Introducing a Publicly Accessible Database of Calibrated Natural Images** We present a user-friendly web interface for accessing a database of natural images, captured using a Nikon D70 digital SLR camera. The collection comprises approximately 5000 six-megapixel images, taken in the Okavango Delta of Botswana, a tropical savanna habitat that mirrors the environment where human eyes are believed to have evolved. Some image sequences were captured opportunistically while tracking a baboon troop, while others",ai
"Historically, artificial intelligence (AI) has been significantly influenced by neuroscience, driving progress in the field. However, the current advancements in reinforcement learning (RL) primarily center around benchmark problems that often overlook many aspects of interest in contemporary neuroscience. To highlight this, we adapted a T-maze task from neuroscience for use with RL algorithms and demonstrated that even state-of-the-art algorithms struggle to solve this problem. Ultimately, we suggested that insights from neuroscience could potentially shed light on",ai
"**To accurately evaluate the functionality and computational characteristics of simulated neural systems, it's crucial to consider the nature of the inputs that drive the system. However, generating rich, reproducible, and manipulable stimuli is technically demanding, especially in closed-loop scenarios. Here, we introduce a novel method to address this challenge by integrating robotics and neural network simulators. We develop a middleware solution that connects the Robotic Operating System (ROS) with the Multi-Simulator Coordinator (MUSIC). This allows any robotic and neural simulators that implement the corresponding interfaces to be seamlessly integrated, enabling real-time performance across",ai
"This work presents a Bayesian framework for adaptive systems. Initially, we model the interaction between a system and its environment using a Markov blanket, enabling conditions where internal states within the blanket encode information about external states. Subsequently, we introduce dynamics and represent adaptive systems as Markov blankets at equilibrium. This allows us to identify a broad class of systems whose internal states appear to infer external states, aligning with variational inference in Bayesian statistics and theoretical neuroscience. Lastly, we divide the blanket into sensory and active states, revealing that active states can be interpreted as executing active inference and well-known stochastic",ai
"Hopfield Networks (HNs) and Restricted Boltzmann Machines (RBMs) are significant models that intersect statistical physics, machine learning, and neuroscience. Lately, there's been interest in exploring the connection between HNs and RBMs due to their similarity when viewed through the lens of statistical mechanics. An exact mapping between HNs and RBMs has been previously identified for the specific case of orthogonal (uncorrelated) encoded patterns. Here, we introduce an exact mapping for the more widely applicable case of correlated pattern",ai
"**Introducing Net2Brain: A Comprehensive Toolbox for Comparing DNN and Human Brain Representations** We present Net2Brain, a user-friendly graphical and command-line interface toolbox designed to compare the representational spaces of artificial deep neural networks (DNNs) and human brain recordings. Unlike other toolboxes that offer limited functionalities or focus solely on a narrow range of supervised image classification models, Net2Brain offers a broad range of capabilities: Diverse DNN Activations**: Net2Brain enables the extraction of activations from over 600 pre-trained DNNs, covering",ai
"**Convolutional Neural Networks (CNNs) excel over conventional methods across numerous fields, with recent interest in neuroscience, especially for brain-computer interfaces (BCIs). We present a CNN tailored for classifying brain states using magnetoencephalographic (MEG) data. Our CNN's architecture is grounded in a generative model of electromagnetic brain signals (EEG and MEG), making it interpretable in neurophysiological terms. We demonstrate that our network can decode event-related responses and oscillatory brain activity modulations, outperforming both intricate neural networks and traditional BCI classifiers. Notably, our model is",ai
"In neuroscience, linking animal behaviors to brain activity is a key objective, particularly for developing reliable brain-machine interfaces. Nevertheless, the variability between individuals poses a significant challenge, hindering the creation of universally applicable models for unlabeled subjects. With advancements in extracting 3D pose data from multi-view videos without human intervention, we suggest using this data to guide the encoding of neural action representations. We'll combine this with a set of neural and behavioral augmentations, leveraging the unique properties of microscopy imaging. To bridge the domain gap, our training process involves swapping neural and",ai
" Access to the activity of subcortical structures presents a unique chance for developing intention-based brain-computer interfaces, providing ample opportunities to investigate a wide array of cognitive processes in affective neuroscience, such as intricate decision-making processes and the enduring free-will debate. It also enables the diagnostics of various neurological disorders, previously feasible only with large, expensive, and stationary functional Magnetic Resonance Imaging (fMRI) equipment. We introduce an interpretable, domain-specific solution to extract the activity of multiple subcortical regions from multichannel Electroencephalogram (EEG) data, showing up",ai
" Exploring the connection between spoken language and recorded electroencephalogram (EEG) data aids in deciphering how the brain processes speech, with applications spanning neuroscience and brain-computer interfaces. Traditional approaches have primarily relied on linear models. However, these models' performance is hindered by the intricate, non-linear nature of auditory processing in the human brain. We introduce a novel Long Short-Term Memory (LSTM)-based architecture, a non-linear model, to tackle the binary classification problem of whether a given pair of (EEG, speech envelope) match or not. The model",ai
"The intersection of neuroscience and neurotechnology is undergoing a transformative period, driven by the integration of artificial intelligence (AI) and machine learning (ML). AI's broad applications in neuroscience span analytical tasks, such as interpreting neural signals, and practical applications like aiding individuals with disabilities through prosthetic devices, and managing neurological conditions through targeted therapies.  In this concise overview, we explore the burgeoning possibilities of on-chip AI for the next generation of implantable brain",ai
"The study of Emotional Intelligence in Human-Computer Interaction (HCI) has garnered significant interest across diverse research fields such as psychology, computer vision, neuroscience, artificial intelligence, and related disciplines. Humans inherently engage with computers in a face-to-face manner, making human expressions a crucial aspect for enhancing HCI. Developing interfaces that can comprehend human expressions and emotions can substantially improve HCI communication. In this work, we explore HCI through a deep multi-facial patches aggregation network tailored for Face Expression Recognition (FER). Our approach involves extracting deep features from facial components and",ai
" Neuromorphic systems achieve low-power consumption by employing many simple spiking neurons instead of traditional hardware components. In this work, we devise methods for precise linear computations in spiking neural networks (SNNs) and apply them to map the evolution of a linear dynamical system (LDS) onto a neuromorphic chip: IBM's TrueNorth. We theoretically characterize, and numerically verify, the discrepancy between the spiking LDS state sequence and that of its non",ai
"The rapid pace of technological advancement, especially at the intersection of hardware and biology, has been posited as a harbinger of future significant technological leaps. These include the potential for overcoming biological limitations, such as achieving human immortality, enhancing cognitive abilities through hardware implants, or developing intelligent machines. However, I contend that several key evolutionary and structural barriers may hinder, or even preclude, the realization of these innovations. Instead, the future is likely to bring transformative changes",ai
"**Connectomics and network neuroscience provide quantitative approaches to model and analyze networks of interacting neurons, neuronal groups, and larger brain regions, both structurally and functionally. This paradigm shift emphasizes distributed brain function, revealing crucial insights into how the brain's network architecture influences cognition, diseases, development, and aging. This chapter focuses on human connectomics at the macro scale, discussing the creation of networks using functional and diffusion MRI data, along with subsequent analysis using network neuroscience methods. It emphasizes major findings, widely-used techniques",ai
"A key query in aging studies is understanding the demographic trends at the oldest ages, particularly among supercentenarians (individuals aged 110 and above). We aim to show that the Weon model empowers scientists to describe these demographic trajectories for supercentenarians. We assess the average survival data from eight modern countries and the reliable, complete data for supercentenarians from the International Database on Longevity (Robine and Vaupel, 2002, North American Actuarial Journal 6, 54-6",ai
"**Recent work introduced, developed, and established a novel concept, model, methodology, and principle for investigating human longevity using demographic foundations. This new model, dubbed the ""Weon model"", is a generalized version of the Weibull model, modified with an age-dependent shape parameter to describe human survival and mortality curves. The application of the Weon model to mortality dynamics and the mathematical limit of longevity (where the mortality rate approaches zero, signifying maximum longevity) is demonstrated in Section I. The mathematical limit of longevity can be inferred from natural mortality",ai
"Who truly **appreciates** life annuities? Is it the **fit retiree** who anticipates a long life, potentially reaching a century, or is the **unhealthy retiree** with a shorter life expectancy more likely to value the sharing of longevity risk? What if the unhealthy retiree is grouped with a much healthier individual, thus bearing an implicit extra cost? To address these and related queries, this paper investigates the practical scenarios where retirees **gain",ai
"Our aim is to confirm that the slowdown in mortality rates (mortality deceleration) is indeed due to the bending of the shape parameter at advanced ages. This study utilizes the Weon model, a variant of the Weibull model that incorporates an age-dependent shape parameter, to analyze human survival and mortality patterns. The Weon model effectively captures the decrease in mortality rates following the mortality plateau, including the observed deceleration. Moreover, it allows for a straightforward mathematical definition of longevity's upper limit through this mortality decrease. By examining historical data from Switzerland (1876-2",ai
"Since its introduction in 1825, the Gompertz model has been instrumental in understanding aging processes in both biological and social sciences. Nevertheless, contemporary research has shown that the Gompertz model's ability to capture the entire demographic trajectory is limited. This letter presents a novel demographic model, specifically designed to describe human demographic trajectories, such as that of Sweden in 2002. Derived from the Weibull model with an age-dependent shape parameter, this new model appears to reflect the dynamic aspects of biological systems",ai
"We employ a two-sex partial differential equation (PDE) model grounded in the Grandmother Hypothesis. Building upon a previous model by Kim et al. [27], we introduce evolution in both longevity and age at last birth, and assume post-fertile females solely support their daughters' fertility. Mirroring Kim et al. [27], we find only two stable equilibria: one resembling great ape longevity, the other hunter-gatherer longevity. Our findings demonstrate that grandmothering facilitates transitions between these equilibria without prolonging fertility's end. Additionally, sensitivity analyses reveal",ai
"The trajectory of human lifespan increases is intriguing, particularly when contemplating the boundaries of human longevity. Part of the confusion arises from differing interpretations of demographic data and survival/mortality curves, using the Gompertz model and the Weibull model, which may not fully capture the entire curve. Here, we propose a new model to supersede traditional ones. We directly examined the 'rectangularity' (where the curve resembles a rectangle) of survival curves for 17",ai
"This study evaluates the effectiveness of an index-based longevity swap and a longevity cap in hedging longevity risk. While swaps are a natural tool for managing this risk, non-linear payoff derivatives like longevity caps also offer downside protection. We develop a tractable stochastic mortality model with age-dependent drift and volatility, and derive analytical formulas for pricing these longevity derivatives. The hedge effectiveness is then examined for a hypothetical life annuity portfolio under various market price of longevity risk assumptions. The hed",ai
"Worldwide, pension systems face mounting pressure to effectively hedge longevity risk, exacerbated by aging populations. This study examines an optimal investment strategy for a defined contribution pension scheme that chooses to mitigate longevity risk via a mortality-linked security, commonly a longevity bond. The scheme allocates contributions from a typical member across market-risky assets, including the longevity bond, aiming to secure a minimum guarantee that ensures the member can afford a lifetime annuity at retirement. We convert this constrained optimization problem into an unconstrained one by mimicking a self-financing portfolio comprising future member contributions and the guaranteed minimum",ai
" Over recent years, life expectancy has risen due to advancements in healthcare, improved nutrition, and favorable living conditions. To navigate future uncertainties related to life expectancy, insurance institutions have developed financial tools tied to population longevity, namely longevity bonds. This paper introduces a novel classical Vasicek one-factor affine model for pricing zero-coupon longevity bonds (ZCLBPs) while accounting for both financial and mortality risks. In our model, the interest rate (r(t)) and stochastic mortality are dependent but driven by uncorrelated noises. The model is formulated in a linear state-space",ai
"To mitigate longevity risk by transferring it to capital markets using index-based hedging strategies, it's crucial to address the longevity basis risk arising from mismatches between the hedger's liabilities and the hedging instruments. To measure and evaluate this risk, a suitable two-population model is necessary. This paper aims to develop a two-population mortality model that effectively hedges against longevity basis risk.The reference population is modeled using the Lee-Carter model, enhanced with a renewal process and exponential jumps, as proposed by Ozen and Sahin (2020). The dynamics of",ai
"**Misrepair Accumulation Theory (MA Theory) is a pioneering approach to interpreting aging phenomena. It introduces a new concept, 'Misrepair,' proposing that organismal aging is due to the accumulation of structural misrepair events. MA Theory stands apart from others, offering several advantages:****I. MA Theory differs fundamentally from other theories by:** **A. Introducing a generalized concept of Misrepair**, encompassing all instances where a damaged structure is repaired incorrectly or incompletely. **B. Highlighting the evolutionary advantage of the aging mechanism**, suggesting that it allows",ai
"We employ life annuity prices to derive insights about human longevity using a model that connects the term structure of mortality and interest rates. We invert this model and apply nonlinear least squares to derive implied longevity predictions. Methodologically, we assume a Cox-Ingersoll-Ross (CIR) model for the underlying yield curve, and for mortality, a Gompertz-Makeham (GM) law that varies with the year of annuity purchase. Our key finding is that over the past decade, market implications suggest an annual improvement in longevity of 6-7 weeks for men",ai
"In this paper, we explore a state-space formulation of the Lee-Carter model, a prominent stochastic mortality model used for predicting age-specific death rates. While existing research primarily concentrates on mortality forecasting or valuing longevity derivatives, the comprehensive implications and methodologies of employing the state-space representation of the Lee-Carter model in pricing retirement income products remain unexplored. Our study makes two key contributions. Firstly, we present a thorough and detailed derivation of the posterior distributions of the model's parameters and latent process using Gibbs sampling. Our choice of prior assumptions is more general than those currently prevalent",ai
"Gott has suggested a time-dependent version of the Copernican principle to statistically forecast future lifespans based on current age (J. R. Gott III, Nature 363, 315, 1993). He has applied this predictor to various examples, including human species longevity. While Gott's proposal holds some validity, it does not possess the universal predictive power he claims.",ai
"Recent research and theoretical models on human aging emphasize the significant role of the environment in promoting extended healthy lifespan. Today's information-abundant environment encompasses not just the physical surroundings, but also cultural, societal, and technological influences. This environment is dynamic and evolving rapidly, requiring continuous adaptive responses from individuals.",ai
"**Key Performance Indicators (KPIs) for Long-Running Safety-Critical Real-Time Applications:**- Reliability: The ability of the system to perform its intended function under stated conditions for a specified period. Longevity: The duration for which the system continues to function without failure. Availability: The proportion of time the system is functional and accessible. Deadline Guarantees: Ensuring that critical tasks complete within specified time constraints.**Challenges and Solutions:**- Software aging, a significant factor affecting long-running real-time applications, can degrade performance and increase failure rates,",ai
"**Revised Scientific:**Our paper introduces a sturdy and adaptable statistical model for the growth curve related to the age-length relationship of the Cardinalfish (Epigonus Crassicaudus). We employ a non-linear regression model that accommodates heteroscedasticity and uses a scale mixture of the skewnormal (SMSN) distributions for the error term, eliminating the need for variable transformation across multiple datasets. The SMSN family is a practical and flexible class of asymmetric, heavy-tailed distributions that facilitates robust inference when normality assumptions are uncertain. Notably, this family includes the well-known proper",ai
"Great apes, our closest living hominid relatives, typically succumb to age-related decline and die before reaching the age of forty, with their reproductive years often preceding their demise. Conversely, human females, even in high-mortality hunter-gatherer societies, tend to maintain health and productivity well past menopause. The ""grandmother hypothesis"" seeks to explain this unique aspect of human life history evolution. Our earlier mathematical models of this hypothesis set the end of female fertility at age 45, drawing parallels with existing hominids, and simulated the evolution of",ai
"Many intricate systems face cumulative damage, causing aging, which increases the likelihood of system failure over time. This prompts the question: how can we maximize a system's health and lifespan while minimizing maintenance and intervention costs? We explore this in a simple, interconnected network model of aging in complex systems, employing optimal control theory and reinforcement learning, along with analysis and simulation, to identify optimal maintenance strategies. These strategies could inspire rational designs for promoting longevity in aging complex systems, with potential applications in therapeutic regimens and engineered system upkeep.",ai
"Here's the rewritten version while preserving the core scientific meaning:Jeanne Louise Calment, a Frenchwoman, has held the record for human longevity since 1990. Born on February 21, 1875, she became the oldest human ever recorded on May 12, 1990, at the age of 115 years and 21 days. She passed away on August 4, 1997, at the age",ai
"Significant efforts have been made to address the longevity risk, as population aging continues to rise in many developed countries over the past few decades. The Cairns-Blake-Dowd (CBD) model, renowned for its parsimonious design and incorporation of cohort effects parameters, is a prominent approach for mortality modeling at advanced ages and longevity risk assessment. This paper introduces a novel mixed-effects time-series approach for mortality modeling and forecasting, accounting for age group dependencies and random cohort effects parameters. The proposed method extracts more information from mortality data and naturally quantifies model parameter uncertainties,",ai
"We employ a blend of extreme value theory, survival analysis, and computational-intensive methods to examine the mortality of verified Italian and French semi-supercentenarians. After adjusting for sampling biases, we observe a steady mortality rate beyond the age of 108 years, with no discernible difference between the two countries or across different cohorts. These results align with prior research using the International Database on Longevity, implying that any human lifespan ceiling is likely so high that it's unattainable. In both Italian data and the International Database on Longevity, there's no notable",ai
"This paper explores the use of fundamental aging distribution concepts and statistics, including the Gini-type index (GTI), as a methodological tool to study human population aging and longevity. Unlike traditional measures such as median and mean lifetimes, which often require longitudinal data, the GTI can provide insights into population aging or rejuvenation using just a single year's data. The method is demonstrated using a case study that compares Australian mortality data from 1921 and",ai
"This study investigates the influence of certain mortality data irregularities on an internal model designed to assess longevity risk within the Solvency II context. Specifically, we focus on unusual cohort effects, like those seen in generations 1919 and 1920, where the Human Mortality Database indicates exceptionally low and high mortality rates, respectively. To address this, we generate corrected mortality tables for three countries (France, Italy, and West Germany) using Boumezoued's (2016) approach, which is applicable to France and Italy. For West Germany",ai
"Precise demographic models aid scientists in defining and comprehending longevity. We introduce a novel demographic model, the Weon model, and demonstrate its application using Swiss demographic data (1876-2002). The Weon model fundamentally defines the maximum longevity, inherently driven by mortality dynamics. This study revisits the definition of maximum longevity and investigates the combined impact of survival and mortality functions on longevity. Results indicate that the mortality function should be zero at the maximum longevity, aligning with the zero density function but not the survival function. Additionally, the effectiveness of longevity can be",ai
"We introduce a mathematical simplification for the evolutionary dynamics of a heritable trait within a two-sex population. This trait influences the timing of sex-specific life-history events, like the age of sexual maturity and cessation of female fertility. Each sex faces a unique fitness trade-off related to this trait. We derive a formula for the population's fitness landscape and demonstrate how this can be extended to any number of heritable traits. Our approach can be seen as a dynamical systems generalization of the Price Equation, incorporating two sexes and multiple traits. Using this formula, we investigate the impact of grandmothering,",ai
"**Is there a cap to human lifespan? We propose a novel demographic model to outline human demographic paths. This model mathematically sets boundaries for lifespan. Using demographic data from Sweden (1751-2002), Switzerland (1876-2002), and Japan (1950-1999), the nations with the longest lifespans, we aim to show if there's an ultimate limit to human lifespan. We examine trends of new demographic metrics, characteristic life and shape parameter, and compute the mathematical",ai
"The prevailing understanding now emphasizes that aging is governed by a intricate interplay of genetic regulation and cumulative damage. The ""damage-accumulation"" theory posits that aging results from the accrual of ""faults"" at cellular and molecular levels. However, this theory falls short in explaining certain aging characteristics like fibrosis and premature aging, as the terms 'damage' and 'fault' remain unspecified. Thus, we propose a refined theory: bodily aging is a consequence of the accumulation of tissue misrepair. This theory underscores two key points: a) it is the",ai
"To comprehend the biological phenomenon of longevity, we examine the relationship between an organism's maximal lifespan potential (MLP) and its structural complexity (SC). MLP is the longest lifespan achievable under optimal environmental conditions, comprising both development time (DT) and maintenance time (MT). DT is directly influenced by SC, while MT is dictated by two key factors: the extent of damage-exposure (DE) and the structural complexity-driven potential for functionality in maintenance (PFM). Given that both DT and MT are governed by SC, it follows that the organism's MLP is intrinsically",ai
This study investigates multiple computer algorithms developed to evaluate mortality and lifespan risk.,ai
"In the upcoming years of the High Luminosity Large Hadron Collider (HL-LHC) project, the instantaneous luminosity is set to rise to 5 × 10$^{34}$ cm$^{-2}$ s$^{-1}$, marking a fivefold increase from the nominal LHC levels. This significant enhancement in luminosity will subject the current CMS Resistive Plate Chambers (RPC) system to background rates exceeding their design limits, potentially",ai
"Observations of dusty circumstellar disks around pre-main sequence (PMS) stars, when combined with age estimates, help to understand the time available for planet formation. Prior studies on disk lifetimes, beginning with Haisch et al. (2001), often used PMS star samples from clusters but lacked datasets with consistent photometric sensitivities and/or ages standardized across a unified timescale. This study presents the most extensive investigation to date on the longevity of inner dust",ai
"New models for evolutionary processes involving mutation accumulation enable us to convert hypotheses about age-specific mutational effects into predictions of diverse population hazard functions. We employ these models to investigate questions in the biodemography of longevity, delving into proposed explanations for Gompertz hazards and mortality plateaus. Moreover, we explore the potential of integrating evolutionary and functional models of aging.",ai
"When might an edge in a social network at time 't' be likely to decay or persist by a future time 't + Δ(t)'? Prior studies indicate that the network range of the individuals involved, the edge's integration within its surrounding structure, and the age of the edge contribute to this process. This study, using weighted data from a large-scale social network constructed from cell-phone calls over an 8-week span, investigates the significance of edge weight in this decay/persistence dynamics. Specifically, we examine the relative predictive capability of directed weight, embeddedness",ai
"Genealogy datasets available online are rich with data on millions of individuals and their historical and current family ties. This wealth of information can aid in uncovering patterns within human populations. Here, we introduce methods and algorithms that help identify shifts in human lifespan distributions over centuries, detect social and genetic factors linked to lifespan, and build predictive models for human lifespan using features easily extracted from genealogy datasets. We tested these methods and algorithms on a substantial online genealogy dataset, containing over a million profiles and nine million connections, sourced from the WikiTree platform. Our results are as follows",ai
"It's widely recognized that the prospects of success for the Search for Extraterrestrial Intelligence (SETI) hinge on the longevity of technological civilizations or, more broadly, the duration of their detectable traces, or technosignatures. We here re-evaluate this general principle and highlight its broader implications, which have often been underappreciated. Notably, the duration of a technosignature is, in principle, largely independent of the age of the civilization that generates it. We introduce a classification system for technosignatures based on their duration and,",ai
"The CMS Resistive Plate Chamber (RPC) system has been validated for a 10-year run in the Large Hadron Collider (LHC). In the coming years, during the High Luminosity LHC (HL-LHC) phase, the LHC's instantaneous luminosity is set to increase by a factor of five compared to current levels. This significant increase will expose the existing CMS RPC system to background rates and operating conditions far beyond its designed limits, potentially impacting detector properties and causing irreversible aging effects. To assess the RPC detectors' suitability for the HL-L",ai
"This study sought to quantify the number of new cells and neurons generated in the dentate gyrus throughout life and compare the age-related decline in neurogenesis across various species. Data from mice (Mus musculus), rats (Rattus norvegicus), tenrecs (Echinops telfairi), macaques (Macaca mulatta), marmosets (Callithrix jacchus), tree shrews (Tupaia belangeri), and humans (Homo sapiens) were gathered from twenty-one datasets spanning fourteen publications. Four models (ANOVA, exponential, Weib",ai
"Despite the myriad selective pressures influencing species lifespans, the mortality patterns of diverse organisms often share striking similarities. We propose that aging and its universal traits could have evolved through a progressive increase in the interconnectedness among a large set of biochemical or mechanical components. By conceptualizing the organism as an interdependent network, which we generate via a constructive evolutionary process, we simulate aging by allowing network nodes to fail or repair based on a probabilistic algorithm.",ai
"We investigate the dynamics of an age-structured population model where the lifespan of offspring can vary from that of their parents due to mutations. Despite the total population stabilizing at a steady state, the fitness and age traits display unexpected behaviors influenced by mutational biases. Through both analytical and numerical analysis of the governing rate equations, we demonstrate that when harmful mutations are more likely, the average population fitness stabilizes, but the average population age decreases as overall fitness increases. Conversely, when beneficial mutations are favored, the average population",ai
"The 511 keV gamma emission from the galactic center could potentially be attributed to a high density ($\sim 10^{22}$) of primordial black holes (PBHs) in the region, each emitting $\sim 10^{21}$ positrons per second through Hawking radiation. The PBHs under consideration are assumed to be close to the minimum mass required for long-term stability (mass $\sim 10^{12}$ kg; Schwarzschild radius $\",ai
"**Online video platforms receive vast amounts of user-uploaded content daily, making it crucial for both these platforms and associated third parties like search engines to provide meaningful video recommendations. While previous research has extensively analyzed video view counts as a measure of popularity, this approach overlooks the enduring value of videos, or their longevity, which unfolds over time. Typically, videos that endure tend to accumulate popularity over an extended period.**",ai
"This paper explores a stochastic optimal control problem within a pension scheme that offers an income-withdrawal policy to retirees. To effectively manage the scheme, the manager and members agree to share investment risk according to a predefined risk-sharing rule. The goal is to maximize both parties' utilities through controlling the manager's allocation to risky assets and members' benefit withdrawals. We employ stochastic affine class models to represent the force of mortality of the members' population and consider a longevity bond whose coupon payments are tied to a survival index. Additionally, our framework examines longevity basis risk, which occurs when the",ai
"**Red Dwarfs (main-sequence / dwarf M or dM) are the most abundant stars in the Galaxy**, accounting for over 75% of all stars. These cool, dim, low-mass stars have luminosities ranging from ~0.0008 to 0.06 times that of the Sun. Consequently, the habitable zones (HZs) around dM stars are located within ~0.05 to 0.4 AU from the host star. Despite their low luminosity, the likelihood of life on a planet within the HZ of",ai
"Previous studies indicate that many digital resources cited in academic articles (like links to code or data) often become inaccessible over time (Zeng et al., 2019). The factors influencing the longevity of these resources remain largely unknown. This study investigates various factors related to the publication venue, authors, references, and sharing platforms. By examining a vast collection of publications and using web archiving services to observe their state at different points in time, we found that: The most significant factors determining resource longevity are associated with where and how the resource is",ai
"This study investigates the evolution of transport capacity in networks that experience random damage incidence and fault accumulation. For each damaged network configuration, we examine a Markovian random walker that traverses weighted links, representing the transport capacity of each connection. These link weights change over time due to randomly occurring damage, gradually decreasing the transport capacity. We introduce a global metric to assess the functionality of each configuration and the system's aging process due to accumulated, irreparable damage. Assuming a minimum functionality threshold for system ""liveliness"", we explore the network's behavior under these conditions.",ai
"**The Matthew Effect** The phrase ""For unto every one that hath shall be given, and he shall have abundance; but from him that hath not shall be taken even that which he hath"" from the Gospel of Matthew (Matthew 25:29) is the basis for the Matthew effect in sociology. This effect, described qualitatively by sociologists, illustrates how individuals who have already attained status or success tend to receive more opportunities, recognition, or resources, further amplifying their initial advantage. In the realm of professional careers, quantifying progress and gathering individual career data pose significant challenges. However,",ai
"Age estimation using machine learning has gained substantial interest. Conventional methods primarily focus on reducing age estimation error but overlook the discrepancy between estimated and actual age due to disease. The author's prior work, the Pathological Age Estimation mechanism, incorporated age deviation to address this, significantly enhancing age classification accuracy. However, it did not account for age estimation error in the normal control (NC) group, leading to a larger discrepancy between estimated and actual age in this group. To tackle this, an integrated age estimation method based on DecisionLevel fusion of error and deviation orientation models is proposed",ai
"This study offers a comprehensive analysis of the usage of artificial intelligence (AI) and machine learning (ML) terms in news articles and scientific papers from 2011 to 2019. We employ word association metrics to automatically pinpoint changes in language associated with AI/ML and measure the strength of these word connections. Our findings illustrate the shifting perceptions and definitions surrounding AI/ML and uncover emerging application domains, models, and systems (such as blockchain and cybersecurity). Previous smallerscale, manual studies have examined AI/ML discourse within the general public, policymakers, and",ai
"The primary aim of cancer immunotherapy is to enhance a patient's immune response against a tumor. However, developing an effective immunotherapy is intricate due to various challenges, such as a potentially immunosuppressive tumor microenvironment, immunemodulating effects of traditional treatments, and therapyrelated side effects. These complexities can be integrated into mathematical and computational models of cancer immunotherapy to aid in the rational design of therapies. This review explores modeling approaches in relation to the key challenges in immunotherapy development, which include tumor classification, optimal treatment timing, and combination therapy design. While interconnected, each challenge offers unique opportunities for modelers to contribute",ai
"Breast cancer is a pressing global health concern, being the most frequently diagnosed cancer in women. While substantial advancements have been made in clinical methods and theoretical models to comprehend the interplay between cancer cell dynamics and the immune system, as well as analytical and computational models to interpret clinical observations, there's still a critical need for further understanding, particularly at the genetic and molecular levels using mathematical approaches. Current treatment strategies include immunotherapy, chemotherapy, hormone therapy, radiotherapy, and gene therapy. This study seeks to explore the impacts of estrogen, informed by recent models, but with",ai
"This study introduces a novel mathematical model to illustrate the impact of obesity on cancerous tumor growth under the influence of chemotherapy and immunotherapy. We formulate an optimal control problem aimed at eliminating the tumor population and minimizing drug dosage within a finite time frame. The model incorporates tumor cells, immune cells, fat cells, and concentrations of chemotherapeutic and immunotherapeutic drugs, featuring Caputo time fractional derivative. We theoretically examine the existence and stability of two key equilibrium points: tumorfree equilibrium and coexisting equilibrium. The cancerobesity model is discretized using the L1method for numerical analysis. We present",ai
"Immunotherapy for cancer, while offering longterm benefits in some patients, works in only a small subset due to the lack of reliable markers to predict treatment success and assess response accurately. In this study, we introduce the first use of labelfree Raman spectroscopy to uncover biochemical changes in the tumor microenvironment induced by immunotherapy. We grew CT26 murine colorectal cancer tumors and treated them with antiCTLA4 and antiPDL1 antibodies. Multivariate curve resolution  alternating least squares (MCRALS) analysis of Raman spectra from treated and control tumors showed slight differences in",ai
"This paper explores a renowned mathematical model of cancer immunotherapy, employing it to illustrate cancer treatment protocols. An optimal control problem is formulated using the Pontryagin Maximum Principle to address adoptive cellular immunotherapy. The problem is subsequently solved by integrating particle swarm optimization (PSO) with standard optimal control problemsolving methods. Our findings are compared with those of other researchers. We elucidate how the PSO algorithm can be harnessed to achieve optimal controls, demonstrating that these controls are more effective in eliminating cancer cells while minimizing the use of external medicinal sources.",ai
"This research introduces a novel and effective positive control strategy for cancer treatment, integrating immunotherapy and chemotherapy. The aim is to shift the initial population of tumor cells and immunecompetent cells from the malignant area to a benign region where the immune system can effectively suppress tumor growth. To accomplish this, a new modeling approach based on the TakagiSugeno (TS) fuzzy system is employed, derived from the Stepanova nonlinear model. This enables a systematic design of the controller. Subsequently, a positive Parallel Distributed Compensation (PDC) controller is proposed, utilizing",ai
"**Adoptive Tcell based immunotherapy is showing promise in cancer treatment, despite its limited success in treating solid tumors thus far. Its broader therapeutic potential is becoming increasingly evident. In this study, we present a mathematical model to investigate the effectiveness of engineered Tcell receptor (TCR) Tcell therapy targeting the E7 antigen in cervical cancer cell lines. We introduce a dynamical system that tracks the populations of cancer cells, TCR Tcells, and Interleukin2 (IL2). Our findings indicate that there is a specific range of TCR Tcell dosages that can lead to successful cancer elimination",ai
"This study focuses on approximating regions of attraction (RoAs) for a cancer growth model with combined therapies, under parametric uncertainties. We introduce a probabilistic certification framework, rooted in randomized methods, to derive probabilistically certified RoAs for this cancer growth model. The model we examine here represents the interplay between tumor and immune system under a combined chemo and immunotherapy regime. Additionally, we model the concentration of the chemotherapy drug in the body using a pharmacokinetic equation.",ai
"The advancements in immunotherapy have significantly transformed the treatment paradigm for advanced lung cancer, substantially increasing life expectancy beyond what was historically predicted. In this study, we outline a method for adjusting mixture parametric models of two populations for survival analysis, especially when dealing with long survivors. Our approach consists of several steps:Employ a multimodality test to determine the optimal number of subpopulations to include in the model. Fit simple parametric survival models and mixture distribution models to estimate parameters and select the best model that",ai
"Immunotherapy is a prominent approach in cancer treatment, standing out among other methods. The KirschnerPanetta (KP) model illustrates the interplay between tumour cells, effector cells, and interleukin2, all of which are employed in clinical immunotherapy. This model offers a comprehensive perspective on immunetumour dynamics. Here, we present approximate analytical solutions to the KP model using the differential transform method and Adomian decomposition. The complex nonlinearity of the KP system necessitates intricate calculations when applying these",ai
"Previously, we introduced a model combining cancer cell differentiation and immunotherapy, focusing on a specific therapy using cytotoxic cell vaccines against cancer stem cells. Given that all biological systems are subject to random variations, it's crucial to examine their stochastic nature. We investigated the impact of demographic and multiplicative noise on cancer cell reproduction and death parameters. Additionally, we introduced fluctuations via multiplicative noise. For various parameter values and noise intensities, we analyzed the system's dynamics. Ultimately, we discovered that the final cancer cell population decreases under different parameter combinations and noise",ai
"Upon antigen stimulation, the ultimate outcome of a T cell response is determined by the combined signals from both positive costimulatory and negative regulatory molecules. While recent studies have shown that blocking negative regulatory molecules (immune checkpoint signals) can treat human cancer in some patients, this approach only works for a subset of cancer cases. To potentially enhance T cell responses against cancers, we propose a conceptual model that incorporates both positive and negative signals alongside antigen stimulation. This model introduces a digital scale to adjust each signal, enabling us to predict the final T cell response. By doing so, we aim to",ai
"Immunotherapies have transformed cancer treatment. Unlike chemotherapies, immune agents often display delayed benefits, and their intricate, unique mechanisms necessitate the use of multiple endpoints in certain trials. These novel aspects of immunotherapy render conventional phase II trial designs, which rely on a single, rapidly discernible binary endpoint, impractical. We introduce the TimetoEvent Bayesian Optimal Phase II (TOP) design, which is efficient and flexible. TOP efficiently facilitates realtime ""go/nogo"" interim decisions, even in the presence of lateonset responses, by leveraging all available",ai
"We introduce an enhancement of a standard stochastic, individualbased model in population dynamics, expanding its applicability to a wider range of biological scenarios. Our primary aim is to model the immunotherapy of malignant tumors. In this context, key players such as Tcells, cytokines, and cancer cells are represented as individual particles in the stochastic system.The primary extensions of the model include: Distinguishing cancer cells based on their phenotypic and genotypic characteristics, Incorporating environmentdependent phenotypic plasticity, which does not alter the genotype, Considering the impacts of therapy on the system, and",ai